ISO-10303-21;
HEADER;
/* Generated by software containing ST-Developer
 * from STEP Tools, Inc. (www.steptools.com) 
 */

FILE_DESCRIPTION(
/* description */ (''),
/* implementation_level */ '2;1');

FILE_NAME(
/* name */ 'Express Yourself.step',
/* time_stamp */ '2026-09-05T22:08:05-07:00',
/* author */ (''),
/* organization */ (''),
/* preprocessor_version */ 'ST-DEVELOPER v20.1',
/* originating_system */ 'Autodesk Translation Framework v15.8.0.0',
/* authorisation */ '');

FILE_SCHEMA (('AUTOMOTIVE_DESIGN { 1 0 10303 214 3 1 1 }'));
ENDSEC;

DATA;
#10=MECHANICAL_DESIGN_GEOMETRIC_PRESENTATION_REPRESENTATION('',(#35,#36),
#5324);
#11=SHAPE_REPRESENTATION_RELATIONSHIP('SRR','None',#5331,#12);
#12=ADVANCED_BREP_SHAPE_REPRESENTATION('',(#37,#38),#5323);
#13=B_SPLINE_SURFACE_WITH_KNOTS('',3,1,((#4509,#4510),(#4511,#4512),(#4513,
#4514),(#4515,#4516),(#4517,#4518),(#4519,#4520),(#4521,#4522),(#4523,#4524),
(#4525,#4526),(#4527,#4528),(#4529,#4530),(#4531,#4532)),.UNSPECIFIED.,
 .F.,.F.,.F.,(4,2,2,2,2,4),(2,2),(0.,0.293176282871171,0.585967626654103,
0.878592892588614,1.02953146674254,1.18046912677369),(0.,0.35),
 .UNSPECIFIED.);
#14=B_SPLINE_SURFACE_WITH_KNOTS('',3,1,((#4567,#4568),(#4569,#4570),(#4571,
#4572),(#4573,#4574),(#4575,#4576),(#4577,#4578),(#4579,#4580),(#4581,#4582),
(#4583,#4584),(#4585,#4586),(#4587,#4588),(#4589,#4590)),.UNSPECIFIED.,
 .F.,.F.,.F.,(4,2,2,2,2,4),(2,2),(0.,0.293176282871165,0.585967626654089,
0.878592892588597,1.02953146674253,1.18046912677368),(0.,0.35),
 .UNSPECIFIED.);
#15=B_SPLINE_SURFACE_WITH_KNOTS('',3,1,((#4625,#4626),(#4627,#4628),(#4629,
#4630),(#4631,#4632),(#4633,#4634),(#4635,#4636),(#4637,#4638),(#4639,#4640),
(#4641,#4642),(#4643,#4644),(#4645,#4646),(#4647,#4648)),.UNSPECIFIED.,
 .F.,.F.,.F.,(4,2,2,2,2,4),(2,2),(0.,0.293176282871171,0.585967626654111,
0.878592892588632,1.02953146674255,1.18046912677371),(0.,0.35),
 .UNSPECIFIED.);
#16=B_SPLINE_SURFACE_WITH_KNOTS('',3,1,((#4683,#4684),(#4685,#4686),(#4687,
#4688),(#4689,#4690),(#4691,#4692),(#4693,#4694),(#4695,#4696),(#4697,#4698),
(#4699,#4700),(#4701,#4702),(#4703,#4704),(#4705,#4706)),.UNSPECIFIED.,
 .F.,.F.,.F.,(4,2,2,2,2,4),(2,2),(0.,0.293176282871166,0.585967626654086,
0.878592892588587,1.02953146674252,1.18046912677367),(0.,0.35),
 .UNSPECIFIED.);
#17=B_SPLINE_SURFACE_WITH_KNOTS('',3,1,((#4772,#4773),(#4774,#4775),(#4776,
#4777),(#4778,#4779),(#4780,#4781),(#4782,#4783),(#4784,#4785),(#4786,#4787),
(#4788,#4789),(#4790,#4791),(#4792,#4793),(#4794,#4795)),.UNSPECIFIED.,
 .F.,.F.,.F.,(4,2,2,2,2,4),(2,2),(-1.1804691267737,-1.02953146674254,-0.87859289258861,
-0.585967626654098,-0.293176282871171,0.),(0.,0.1),.UNSPECIFIED.);
#18=B_SPLINE_SURFACE_WITH_KNOTS('',3,1,((#4826,#4827),(#4828,#4829),(#4830,
#4831),(#4832,#4833),(#4834,#4835),(#4836,#4837),(#4838,#4839),(#4840,#4841),
(#4842,#4843),(#4844,#4845),(#4846,#4847),(#4848,#4849)),.UNSPECIFIED.,
 .F.,.F.,.F.,(4,2,2,2,2,4),(2,2),(-1.1804691267737,-1.02953146674254,-0.878592892588618,
-0.585967626654105,-0.293176282871171,0.),(0.,0.1),.UNSPECIFIED.);
#19=B_SPLINE_SURFACE_WITH_KNOTS('',3,1,((#4880,#4881),(#4882,#4883),(#4884,
#4885),(#4886,#4887),(#4888,#4889),(#4890,#4891),(#4892,#4893),(#4894,#4895),
(#4896,#4897),(#4898,#4899),(#4900,#4901),(#4902,#4903)),.UNSPECIFIED.,
 .F.,.F.,.F.,(4,2,2,2,2,4),(2,2),(-1.18046912677366,-1.02953146674252,-0.878592892588598,
-0.585967626654083,-0.293176282871156,0.),(0.,0.1),.UNSPECIFIED.);
#20=B_SPLINE_SURFACE_WITH_KNOTS('',3,1,((#4934,#4935),(#4936,#4937),(#4938,
#4939),(#4940,#4941),(#4942,#4943),(#4944,#4945),(#4946,#4947),(#4948,#4949),
(#4950,#4951),(#4952,#4953),(#4954,#4955),(#4956,#4957)),.UNSPECIFIED.,
 .F.,.F.,.F.,(4,2,2,2,2,4),(2,2),(-1.18046912677367,-1.02953146674254,-0.878592892588631,
-0.585967626654114,-0.293176282871172,0.),(0.,0.1),.UNSPECIFIED.);
#21=B_SPLINE_SURFACE_WITH_KNOTS('',3,1,((#4978,#4979),(#4980,#4981),(#4982,
#4983),(#4984,#4985),(#4986,#4987),(#4988,#4989),(#4990,#4991),(#4992,#4993),
(#4994,#4995),(#4996,#4997),(#4998,#4999),(#5000,#5001)),.UNSPECIFIED.,
 .F.,.F.,.F.,(4,2,2,2,2,4),(2,2),(-1.18021173005213,-1.02925763916354,-0.878344258528519,
-0.585841310497266,-0.293170348302352,0.),(0.,0.1),.UNSPECIFIED.);
#22=B_SPLINE_SURFACE_WITH_KNOTS('',3,1,((#5058,#5059),(#5060,#5061),(#5062,
#5063),(#5064,#5065),(#5066,#5067),(#5068,#5069),(#5070,#5071),(#5072,#5073),
(#5074,#5075),(#5076,#5077),(#5078,#5079),(#5080,#5081)),.UNSPECIFIED.,
 .F.,.F.,.F.,(4,2,2,2,2,4),(2,2),(-1.18021173005203,-1.02925763916346,-0.878344258528457,
-0.585841310497226,-0.293170348302336,0.),(0.,0.1),.UNSPECIFIED.);
#23=B_SPLINE_SURFACE_WITH_KNOTS('',3,1,((#5135,#5136),(#5137,#5138),(#5139,
#5140),(#5141,#5142),(#5143,#5144),(#5145,#5146),(#5147,#5148),(#5149,#5150),
(#5151,#5152),(#5153,#5154),(#5155,#5156),(#5157,#5158)),.UNSPECIFIED.,
 .F.,.F.,.F.,(4,2,2,2,2,4),(2,2),(-1.18021173005203,-1.02925763916346,-0.878344258528461,
-0.585841310497235,-0.293170348302344,0.),(0.,0.1),.UNSPECIFIED.);
#24=B_SPLINE_SURFACE_WITH_KNOTS('',3,1,((#5212,#5213),(#5214,#5215),(#5216,
#5217),(#5218,#5219),(#5220,#5221),(#5222,#5223),(#5224,#5225),(#5226,#5227),
(#5228,#5229),(#5230,#5231),(#5232,#5233),(#5234,#5235)),.UNSPECIFIED.,
 .F.,.F.,.F.,(4,2,2,2,2,4),(2,2),(-1.18021173005205,-1.02925763916347,-0.878344258528457,
-0.585841310497231,-0.293170348302343,0.),(0.,0.1),.UNSPECIFIED.);
#25=(
BOUNDED_CURVE()
B_SPLINE_CURVE(2,(#4348,#4349,#4350),.UNSPECIFIED.,.F.,.F.)
B_SPLINE_CURVE_WITH_KNOTS((3,3),(0.105305009816391,0.627495019900562),
 .UNSPECIFIED.)
CURVE()
GEOMETRIC_REPRESENTATION_ITEM()
RATIONAL_B_SPLINE_CURVE((1.,1.,1.))
REPRESENTATION_ITEM('')
);
#26=(
BOUNDED_CURVE()
B_SPLINE_CURVE(2,(#4354,#4355,#4356),.UNSPECIFIED.,.F.,.F.)
B_SPLINE_CURVE_WITH_KNOTS((3,3),(0.,0.313747509950277),.UNSPECIFIED.)
CURVE()
GEOMETRIC_REPRESENTATION_ITEM()
RATIONAL_B_SPLINE_CURVE((1.,1.,1.))
REPRESENTATION_ITEM('')
);
#27=(
BOUNDED_CURVE()
B_SPLINE_CURVE(2,(#4361,#4362,#4363),.UNSPECIFIED.,.F.,.F.)
B_SPLINE_CURVE_WITH_KNOTS((3,3),(0.313747509950277,0.522190010084171),
 .UNSPECIFIED.)
CURVE()
GEOMETRIC_REPRESENTATION_ITEM()
RATIONAL_B_SPLINE_CURVE((1.,1.,1.))
REPRESENTATION_ITEM('')
);
#28=(
BOUNDED_CURVE()
B_SPLINE_CURVE(2,(#4384,#4385,#4386),.UNSPECIFIED.,.F.,.F.)
B_SPLINE_CURVE_WITH_KNOTS((3,3),(0.313747509950284,0.62749501990056),
 .UNSPECIFIED.)
CURVE()
GEOMETRIC_REPRESENTATION_ITEM()
RATIONAL_B_SPLINE_CURVE((1.,1.,1.))
REPRESENTATION_ITEM('')
);
#29=(
BOUNDED_CURVE()
B_SPLINE_CURVE(2,(#4388,#4389,#4390),.UNSPECIFIED.,.F.,.F.)
B_SPLINE_CURVE_WITH_KNOTS((3,3),(0.105305009816391,0.313747509950284),
 .UNSPECIFIED.)
CURVE()
GEOMETRIC_REPRESENTATION_ITEM()
RATIONAL_B_SPLINE_CURVE((1.,1.,1.))
REPRESENTATION_ITEM('')
);
#30=(
BOUNDED_CURVE()
B_SPLINE_CURVE(2,(#4401,#4402,#4403),.UNSPECIFIED.,.F.,.F.)
B_SPLINE_CURVE_WITH_KNOTS((3,3),(0.10530500981639,0.627495019900556),
 .UNSPECIFIED.)
CURVE()
GEOMETRIC_REPRESENTATION_ITEM()
RATIONAL_B_SPLINE_CURVE((1.,1.,1.))
REPRESENTATION_ITEM('')
);
#31=(
BOUNDED_CURVE()
B_SPLINE_CURVE(2,(#4412,#4413,#4414),.UNSPECIFIED.,.F.,.F.)
B_SPLINE_CURVE_WITH_KNOTS((3,3),(0.,0.522190010084174),.UNSPECIFIED.)
CURVE()
GEOMETRIC_REPRESENTATION_ITEM()
RATIONAL_B_SPLINE_CURVE((1.,1.,1.))
REPRESENTATION_ITEM('')
);
#32=(
BOUNDED_CURVE()
B_SPLINE_CURVE(2,(#4433,#4434,#4435),.UNSPECIFIED.,.F.,.F.)
B_SPLINE_CURVE_WITH_KNOTS((3,3),(0.,0.522190010084169),.UNSPECIFIED.)
CURVE()
GEOMETRIC_REPRESENTATION_ITEM()
RATIONAL_B_SPLINE_CURVE((1.,1.,1.))
REPRESENTATION_ITEM('')
);
#33=(
BOUNDED_CURVE()
B_SPLINE_CURVE(2,(#4455,#4456,#4457),.UNSPECIFIED.,.F.,.F.)
B_SPLINE_CURVE_WITH_KNOTS((3,3),(0.,0.522190010084163),.UNSPECIFIED.)
CURVE()
GEOMETRIC_REPRESENTATION_ITEM()
RATIONAL_B_SPLINE_CURVE((1.,1.,1.))
REPRESENTATION_ITEM('')
);
#34=(
BOUNDED_CURVE()
B_SPLINE_CURVE(2,(#4476,#4477,#4478),.UNSPECIFIED.,.F.,.F.)
B_SPLINE_CURVE_WITH_KNOTS((3,3),(0.105305009816387,0.627495019900552),
 .UNSPECIFIED.)
CURVE()
GEOMETRIC_REPRESENTATION_ITEM()
RATIONAL_B_SPLINE_CURVE((1.,1.,1.))
REPRESENTATION_ITEM('')
);
#35=STYLED_ITEM('',(#5340),#37);
#36=STYLED_ITEM('',(#5340),#38);
#37=MANIFOLD_SOLID_BREP('Chassis',#2833);
#38=MANIFOLD_SOLID_BREP('Bottom',#2834);
#39=ELLIPSE('',#2888,4.00381074065328,4.);
#40=ELLIPSE('',#2889,4.00183612587132,4.);
#41=ELLIPSE('',#2891,7.01333125110277,7.);
#42=ELLIPSE('',#2892,7.01333125110277,7.);
#43=ELLIPSE('',#2903,7.01333125110277,7.);
#44=ELLIPSE('',#2904,7.01333125110277,7.);
#45=ELLIPSE('',#2905,7.01333125110277,7.);
#46=ELLIPSE('',#2907,7.01333125110277,7.);
#47=ELLIPSE('',#2910,7.01333125110277,7.);
#48=ELLIPSE('',#2913,7.01333125110277,7.);
#49=ELLIPSE('',#2916,5.50523976839826,5.5);
#50=ELLIPSE('',#2917,5.50063127690308,5.5);
#51=ELLIPSE('',#2919,5.50523976839826,5.5);
#52=ELLIPSE('',#2920,5.50063127690309,5.5);
#53=ELLIPSE('',#2922,5.50523976839826,5.5);
#54=ELLIPSE('',#2923,5.50063127690308,5.5);
#55=ELLIPSE('',#2926,4.00183612587132,4.);
#56=ELLIPSE('',#2927,4.00381074065328,4.);
#57=ELLIPSE('',#2930,4.00183612587132,4.);
#58=ELLIPSE('',#2931,4.00381074065328,4.);
#59=FACE_BOUND('',#452,.T.);
#60=FACE_BOUND('',#453,.T.);
#61=FACE_BOUND('',#454,.T.);
#62=FACE_BOUND('',#455,.T.);
#63=FACE_BOUND('',#456,.T.);
#64=FACE_BOUND('',#457,.T.);
#65=FACE_BOUND('',#458,.T.);
#66=FACE_BOUND('',#459,.T.);
#67=FACE_BOUND('',#460,.T.);
#68=FACE_BOUND('',#461,.T.);
#69=FACE_BOUND('',#462,.T.);
#70=FACE_BOUND('',#463,.T.);
#71=FACE_BOUND('',#464,.T.);
#72=FACE_BOUND('',#465,.T.);
#73=FACE_BOUND('',#466,.T.);
#74=FACE_BOUND('',#467,.T.);
#75=FACE_BOUND('',#468,.T.);
#76=FACE_BOUND('',#469,.T.);
#77=FACE_BOUND('',#474,.T.);
#78=FACE_BOUND('',#475,.T.);
#79=FACE_BOUND('',#476,.T.);
#80=FACE_BOUND('',#477,.T.);
#81=FACE_BOUND('',#478,.T.);
#82=FACE_BOUND('',#495,.T.);
#83=FACE_BOUND('',#496,.T.);
#84=FACE_BOUND('',#519,.T.);
#85=FACE_BOUND('',#520,.T.);
#86=FACE_BOUND('',#521,.T.);
#87=FACE_BOUND('',#522,.T.);
#88=FACE_BOUND('',#523,.T.);
#89=FACE_BOUND('',#524,.T.);
#90=FACE_BOUND('',#525,.T.);
#91=FACE_BOUND('',#526,.T.);
#92=FACE_BOUND('',#527,.T.);
#93=FACE_BOUND('',#528,.T.);
#94=FACE_BOUND('',#529,.T.);
#95=FACE_BOUND('',#530,.T.);
#96=FACE_BOUND('',#531,.T.);
#97=FACE_BOUND('',#532,.T.);
#98=FACE_BOUND('',#533,.T.);
#99=FACE_BOUND('',#534,.T.);
#100=FACE_BOUND('',#535,.T.);
#101=FACE_BOUND('',#536,.T.);
#102=FACE_BOUND('',#539,.T.);
#103=FACE_BOUND('',#540,.T.);
#104=FACE_BOUND('',#543,.T.);
#105=FACE_BOUND('',#544,.T.);
#106=FACE_BOUND('',#545,.T.);
#107=FACE_BOUND('',#553,.T.);
#108=FACE_BOUND('',#554,.T.);
#109=FACE_BOUND('',#555,.T.);
#110=FACE_BOUND('',#629,.T.);
#111=FACE_BOUND('',#631,.T.);
#112=FACE_BOUND('',#632,.T.);
#113=FACE_BOUND('',#633,.T.);
#114=FACE_BOUND('',#634,.T.);
#115=FACE_BOUND('',#635,.T.);
#116=B_SPLINE_CURVE_WITH_KNOTS('',3,(#3868,#3869,#3870,#3871,#3872,#3873,
#3874,#3875,#3876,#3877,#3878,#3879),.UNSPECIFIED.,.F.,.F.,(4,2,2,2,2,4),
(-0.393437967223454,-0.34307329087966,-0.292709769487292,-0.195109373410416,
-0.097498149591232,0.),.UNSPECIFIED.);
#117=B_SPLINE_CURVE_WITH_KNOTS('',3,(#3889,#3890,#3891,#3892,#3893,#3894,
#3895,#3896,#3897,#3898,#3899,#3900),.UNSPECIFIED.,.F.,.F.,(4,2,2,2,2,4),
(-0.393629129933055,-0.343289826788637,-0.292954907058324,-0.19530207028484,
-0.0976540303173705,0.),.UNSPECIFIED.);
#118=B_SPLINE_CURVE_WITH_KNOTS('',3,(#4094,#4095,#4096,#4097,#4098,#4099,
#4100,#4101,#4102,#4103,#4104,#4105),.UNSPECIFIED.,.F.,.F.,(4,2,2,2,2,4),
(0.,0.0976540303173691,0.195302070284836,0.29295490705832,0.343289826788638,
0.393629129933026),.UNSPECIFIED.);
#119=B_SPLINE_CURVE_WITH_KNOTS('',3,(#4120,#4121,#4122,#4123,#4124,#4125,
#4126,#4127,#4128,#4129,#4130,#4131),.UNSPECIFIED.,.F.,.F.,(4,2,2,2,2,4),
(0.,0.0974981495912277,0.195109373410407,0.292709769487281,0.343073290879639,
0.393437967223404),.UNSPECIFIED.);
#120=B_SPLINE_CURVE_WITH_KNOTS('',3,(#4140,#4141,#4142,#4143,#4144,#4145,
#4146,#4147,#4148,#4149,#4150,#4151),.UNSPECIFIED.,.F.,.F.,(4,2,2,2,2,4),
(-0.393437967223355,-0.34307329087959,-0.292709769487246,-0.195109373410395,
-0.0974981495912262,0.),.UNSPECIFIED.);
#121=B_SPLINE_CURVE_WITH_KNOTS('',3,(#4170,#4171,#4172,#4173,#4174,#4175,
#4176,#4177,#4178,#4179,#4180,#4181),.UNSPECIFIED.,.F.,.F.,(4,2,2,2,2,4),
(-0.393629129933124,-0.343289826788692,-0.292954907058351,-0.195302070284857,
-0.0976540303173775,0.),.UNSPECIFIED.);
#122=B_SPLINE_CURVE_WITH_KNOTS('',3,(#4185,#4186,#4187,#4188,#4189,#4190,
#4191,#4192,#4193,#4194,#4195,#4196),.UNSPECIFIED.,.F.,.F.,(4,2,2,2,2,4),
(0.,0.0976540303173618,0.195302070284822,0.292954907058307,0.343289826788645,
0.393629129933043),.UNSPECIFIED.);
#123=B_SPLINE_CURVE_WITH_KNOTS('',3,(#4206,#4207,#4208,#4209,#4210,#4211,
#4212,#4213,#4214,#4215,#4216,#4217),.UNSPECIFIED.,.F.,.F.,(4,2,2,2,2,4),
(0.,0.0974981495912401,0.195109373410443,0.292709769487339,0.343073290879721,
0.393437967223528),.UNSPECIFIED.);
#124=B_SPLINE_CURVE_WITH_KNOTS('',3,(#4364,#4365,#4366,#4367,#4368,#4369,
#4370,#4371,#4372,#4373),.UNSPECIFIED.,.F.,.F.,(4,2,2,2,4),(0.780054603816308,
0.804399704507138,0.87697705478052,0.949554405053903,0.973899505744732),
 .UNSPECIFIED.);
#125=B_SPLINE_CURVE_WITH_KNOTS('',3,(#4415,#4416,#4417,#4418,#4419,#4420,
#4421,#4422,#4423,#4424),.UNSPECIFIED.,.F.,.F.,(4,2,2,2,4),(1.15219848767126,
1.17654358836209,1.24912093863547,1.32169828890885,1.34604338959968),
 .UNSPECIFIED.);
#126=B_SPLINE_CURVE_WITH_KNOTS('',3,(#4458,#4459,#4460,#4461,#4462,#4463,
#4464,#4465,#4466,#4467),.UNSPECIFIED.,.F.,.F.,(4,2,2,2,4),(0.588375289896388,
0.612720390587221,0.685297740860604,0.757875091133985,0.782220191824819),
 .UNSPECIFIED.);
#127=B_SPLINE_CURVE_WITH_KNOTS('',3,(#4493,#4494,#4495,#4496,#4497,#4498,
#4499,#4500,#4501,#4502),.UNSPECIFIED.,.F.,.F.,(4,2,2,2,4),(0.216499279627871,
0.240844380318699,0.313421730592083,0.385999080865465,0.410344181556296),
 .UNSPECIFIED.);
#128=B_SPLINE_CURVE_WITH_KNOTS('',3,(#4535,#4536,#4537,#4538,#4539,#4540,
#4541,#4542,#4543,#4544,#4545,#4546,#4547,#4548,#4549,#4550),
 .UNSPECIFIED.,.F.,.F.,(4,3,3,3,3,4),(0.,0.150937660031154,0.301876234185078,
0.59450150011959,0.887292843902524,1.1804691267737),.UNSPECIFIED.);
#129=B_SPLINE_CURVE_WITH_KNOTS('',3,(#4554,#4555,#4556,#4557,#4558,#4559,
#4560,#4561,#4562,#4563,#4564,#4565),.UNSPECIFIED.,.F.,.F.,(4,2,2,2,2,4),
(0.,0.293176282871171,0.585967626654103,0.878592892588614,1.02953146674254,
1.18046912677369),.UNSPECIFIED.);
#130=B_SPLINE_CURVE_WITH_KNOTS('',3,(#4593,#4594,#4595,#4596,#4597,#4598,
#4599,#4600,#4601,#4602,#4603,#4604,#4605,#4606,#4607,#4608),
 .UNSPECIFIED.,.F.,.F.,(4,3,3,3,3,4),(0.,0.150937660031155,0.301876234185086,
0.594501500119599,0.887292843902527,1.1804691267737),.UNSPECIFIED.);
#131=B_SPLINE_CURVE_WITH_KNOTS('',3,(#4612,#4613,#4614,#4615,#4616,#4617,
#4618,#4619,#4620,#4621,#4622,#4623),.UNSPECIFIED.,.F.,.F.,(4,2,2,2,2,4),
(0.,0.293176282871165,0.585967626654089,0.878592892588597,1.02953146674253,
1.18046912677368),.UNSPECIFIED.);
#132=B_SPLINE_CURVE_WITH_KNOTS('',3,(#4651,#4652,#4653,#4654,#4655,#4656,
#4657,#4658,#4659,#4660,#4661,#4662,#4663,#4664,#4665,#4666),
 .UNSPECIFIED.,.F.,.F.,(4,3,3,3,3,4),(0.,0.150937660031147,0.301876234185062,
0.59450150011957,0.887292843902497,1.18046912677366),.UNSPECIFIED.);
#133=B_SPLINE_CURVE_WITH_KNOTS('',3,(#4670,#4671,#4672,#4673,#4674,#4675,
#4676,#4677,#4678,#4679,#4680,#4681),.UNSPECIFIED.,.F.,.F.,(4,2,2,2,2,4),
(0.,0.293176282871171,0.585967626654111,0.878592892588632,1.02953146674255,
1.18046912677371),.UNSPECIFIED.);
#134=B_SPLINE_CURVE_WITH_KNOTS('',3,(#4709,#4710,#4711,#4712,#4713,#4714,
#4715,#4716,#4717,#4718,#4719,#4720,#4721,#4722,#4723,#4724),
 .UNSPECIFIED.,.F.,.F.,(4,3,3,3,3,4),(0.,0.150937660031155,0.301876234185083,
0.594501500119585,0.887292843902505,1.18046912677367),.UNSPECIFIED.);
#135=B_SPLINE_CURVE_WITH_KNOTS('',3,(#4728,#4729,#4730,#4731,#4732,#4733,
#4734,#4735,#4736,#4737,#4738,#4739),.UNSPECIFIED.,.F.,.F.,(4,2,2,2,2,4),
(0.,0.293176282871166,0.585967626654086,0.878592892588587,1.02953146674252,
1.18046912677367),.UNSPECIFIED.);
#136=B_SPLINE_CURVE_WITH_KNOTS('',3,(#4797,#4798,#4799,#4800,#4801,#4802,
#4803,#4804,#4805,#4806,#4807,#4808,#4809,#4810,#4811,#4812),
 .UNSPECIFIED.,.F.,.F.,(4,3,3,3,3,4),(-1.1804691267737,-1.02953146674254,
-0.87859289258861,-0.585967626654098,-0.293176282871171,0.),
 .UNSPECIFIED.);
#137=B_SPLINE_CURVE_WITH_KNOTS('',3,(#4851,#4852,#4853,#4854,#4855,#4856,
#4857,#4858,#4859,#4860,#4861,#4862,#4863,#4864,#4865,#4866),
 .UNSPECIFIED.,.F.,.F.,(4,3,3,3,3,4),(-1.1804691267737,-1.02953146674254,
-0.878592892588618,-0.585967626654105,-0.293176282871171,0.),
 .UNSPECIFIED.);
#138=B_SPLINE_CURVE_WITH_KNOTS('',3,(#4905,#4906,#4907,#4908,#4909,#4910,
#4911,#4912,#4913,#4914,#4915,#4916,#4917,#4918,#4919,#4920),
 .UNSPECIFIED.,.F.,.F.,(4,3,3,3,3,4),(-1.18046912677366,-1.02953146674252,
-0.878592892588598,-0.585967626654083,-0.293176282871156,0.),
 .UNSPECIFIED.);
#139=B_SPLINE_CURVE_WITH_KNOTS('',3,(#4959,#4960,#4961,#4962,#4963,#4964,
#4965,#4966,#4967,#4968,#4969,#4970,#4971,#4972,#4973,#4974),
 .UNSPECIFIED.,.F.,.F.,(4,3,3,3,3,4),(-1.18046912677367,-1.02953146674254,
-0.878592892588631,-0.585967626654114,-0.293176282871172,0.),
 .UNSPECIFIED.);
#140=B_SPLINE_CURVE_WITH_KNOTS('',3,(#5004,#5005,#5006,#5007,#5008,#5009,
#5010,#5011,#5012,#5013,#5014,#5015,#5016,#5017,#5018,#5019),
 .UNSPECIFIED.,.F.,.F.,(4,3,3,3,3,4),(0.,0.293170348302352,0.585841310497266,
0.878344258528519,1.02925763916354,1.18021173005213),.UNSPECIFIED.);
#141=B_SPLINE_CURVE_WITH_KNOTS('',3,(#5023,#5024,#5025,#5026,#5027,#5028,
#5029,#5030,#5031,#5032,#5033,#5034,#5035,#5036,#5037,#5038),
 .UNSPECIFIED.,.F.,.F.,(4,3,3,3,3,4),(-1.18021173005213,-1.02925763916354,
-0.878344258528519,-0.585841310497266,-0.293170348302352,0.),
 .UNSPECIFIED.);
#142=B_SPLINE_CURVE_WITH_KNOTS('',3,(#5083,#5084,#5085,#5086,#5087,#5088,
#5089,#5090,#5091,#5092,#5093,#5094,#5095,#5096,#5097,#5098),
 .UNSPECIFIED.,.F.,.F.,(4,3,3,3,3,4),(0.,0.293170348302336,0.585841310497226,
0.878344258528457,1.02925763916346,1.18021173005203),.UNSPECIFIED.);
#143=B_SPLINE_CURVE_WITH_KNOTS('',3,(#5100,#5101,#5102,#5103,#5104,#5105,
#5106,#5107,#5108,#5109,#5110,#5111,#5112,#5113,#5114,#5115),
 .UNSPECIFIED.,.F.,.F.,(4,3,3,3,3,4),(-1.18021173005203,-1.02925763916346,
-0.878344258528457,-0.585841310497226,-0.293170348302336,0.),
 .UNSPECIFIED.);
#144=B_SPLINE_CURVE_WITH_KNOTS('',3,(#5160,#5161,#5162,#5163,#5164,#5165,
#5166,#5167,#5168,#5169,#5170,#5171,#5172,#5173,#5174,#5175),
 .UNSPECIFIED.,.F.,.F.,(4,3,3,3,3,4),(0.,0.293170348302344,0.585841310497235,
0.878344258528461,1.02925763916346,1.18021173005203),.UNSPECIFIED.);
#145=B_SPLINE_CURVE_WITH_KNOTS('',3,(#5177,#5178,#5179,#5180,#5181,#5182,
#5183,#5184,#5185,#5186,#5187,#5188,#5189,#5190,#5191,#5192),
 .UNSPECIFIED.,.F.,.F.,(4,3,3,3,3,4),(-1.18021173005203,-1.02925763916346,
-0.878344258528461,-0.585841310497235,-0.293170348302344,0.),
 .UNSPECIFIED.);
#146=B_SPLINE_CURVE_WITH_KNOTS('',3,(#5237,#5238,#5239,#5240,#5241,#5242,
#5243,#5244,#5245,#5246,#5247,#5248,#5249,#5250,#5251,#5252),
 .UNSPECIFIED.,.F.,.F.,(4,3,3,3,3,4),(0.,0.293170348302343,0.585841310497231,
0.878344258528457,1.02925763916347,1.18021173005205),.UNSPECIFIED.);
#147=B_SPLINE_CURVE_WITH_KNOTS('',3,(#5254,#5255,#5256,#5257,#5258,#5259,
#5260,#5261,#5262,#5263,#5264,#5265,#5266,#5267,#5268,#5269),
 .UNSPECIFIED.,.F.,.F.,(4,3,3,3,3,4),(-1.18021173005205,-1.02925763916347,
-0.878344258528457,-0.585841310497231,-0.293170348302343,0.),
 .UNSPECIFIED.);
#148=CYLINDRICAL_SURFACE('',#2864,2.5);
#149=CYLINDRICAL_SURFACE('',#2866,2.5);
#150=CYLINDRICAL_SURFACE('',#2887,4.);
#151=CYLINDRICAL_SURFACE('',#2890,7.);
#152=CYLINDRICAL_SURFACE('',#2906,7.);
#153=CYLINDRICAL_SURFACE('',#2909,7.);
#154=CYLINDRICAL_SURFACE('',#2912,7.);
#155=CYLINDRICAL_SURFACE('',#2915,5.5);
#156=CYLINDRICAL_SURFACE('',#2918,5.5);
#157=CYLINDRICAL_SURFACE('',#2921,5.5);
#158=CYLINDRICAL_SURFACE('',#2925,4.);
#159=CYLINDRICAL_SURFACE('',#2929,4.);
#160=CYLINDRICAL_SURFACE('',#2932,2.5);
#161=CYLINDRICAL_SURFACE('',#2933,2.5);
#162=CYLINDRICAL_SURFACE('',#2935,2.5);
#163=CYLINDRICAL_SURFACE('',#2936,2.5);
#164=CYLINDRICAL_SURFACE('',#2937,2.5);
#165=CYLINDRICAL_SURFACE('',#2940,2.5);
#166=CYLINDRICAL_SURFACE('',#2941,2.5);
#167=CYLINDRICAL_SURFACE('',#2942,2.5);
#168=CYLINDRICAL_SURFACE('',#2945,2.5);
#169=CYLINDRICAL_SURFACE('',#2946,2.5);
#170=CYLINDRICAL_SURFACE('',#2948,1.65);
#171=CYLINDRICAL_SURFACE('',#2951,1.65);
#172=CYLINDRICAL_SURFACE('',#2954,1.65);
#173=CYLINDRICAL_SURFACE('',#2957,1.65);
#174=CYLINDRICAL_SURFACE('',#2991,3.75);
#175=CYLINDRICAL_SURFACE('',#2992,2.625);
#176=CYLINDRICAL_SURFACE('',#2993,3.75);
#177=CYLINDRICAL_SURFACE('',#2994,3.375);
#178=CYLINDRICAL_SURFACE('',#2995,3.375);
#179=CYLINDRICAL_SURFACE('',#2996,3.375);
#180=CYLINDRICAL_SURFACE('',#2997,3.625);
#181=CYLINDRICAL_SURFACE('',#2998,3.375);
#182=CYLINDRICAL_SURFACE('',#2999,3.375);
#183=CYLINDRICAL_SURFACE('',#3000,3.75);
#184=CYLINDRICAL_SURFACE('',#3001,3.375);
#185=CYLINDRICAL_SURFACE('',#3002,6.00000000000001);
#186=CYLINDRICAL_SURFACE('',#3003,2.625);
#187=CYLINDRICAL_SURFACE('',#3004,3.375);
#188=CYLINDRICAL_SURFACE('',#3005,3.375);
#189=CYLINDRICAL_SURFACE('',#3006,6.);
#190=CYLINDRICAL_SURFACE('',#3007,2.625);
#191=CYLINDRICAL_SURFACE('',#3008,6.);
#192=CYLINDRICAL_SURFACE('',#3015,2.);
#193=CYLINDRICAL_SURFACE('',#3025,2.);
#194=CYLINDRICAL_SURFACE('',#3033,2.);
#195=CYLINDRICAL_SURFACE('',#3041,2.);
#196=CYLINDRICAL_SURFACE('',#3074,2.5);
#197=CYLINDRICAL_SURFACE('',#3076,2.50000000000001);
#198=CYLINDRICAL_SURFACE('',#3079,2.5);
#199=CYLINDRICAL_SURFACE('',#3081,2.5);
#200=CIRCLE('',#2850,2.5);
#201=CIRCLE('',#2851,1.01);
#202=CIRCLE('',#2854,2.5);
#203=CIRCLE('',#2855,1.01);
#204=CIRCLE('',#2858,2.5);
#205=CIRCLE('',#2859,1.00999999999999);
#206=CIRCLE('',#2862,2.5);
#207=CIRCLE('',#2863,1.01000000000001);
#208=CIRCLE('',#2869,6.);
#209=CIRCLE('',#2870,2.625);
#210=CIRCLE('',#2871,6.);
#211=CIRCLE('',#2872,3.375);
#212=CIRCLE('',#2873,3.375);
#213=CIRCLE('',#2874,2.625);
#214=CIRCLE('',#2875,6.00000000000001);
#215=CIRCLE('',#2876,3.375);
#216=CIRCLE('',#2877,3.75);
#217=CIRCLE('',#2878,3.375);
#218=CIRCLE('',#2879,3.375);
#219=CIRCLE('',#2880,3.625);
#220=CIRCLE('',#2881,3.375);
#221=CIRCLE('',#2882,3.375);
#222=CIRCLE('',#2883,3.375);
#223=CIRCLE('',#2884,3.75);
#224=CIRCLE('',#2885,2.625);
#225=CIRCLE('',#2886,3.75);
#226=CIRCLE('',#2895,2.5);
#227=CIRCLE('',#2896,2.5);
#228=CIRCLE('',#2897,2.5);
#229=CIRCLE('',#2898,2.5);
#230=CIRCLE('',#2899,1.65);
#231=CIRCLE('',#2900,1.65);
#232=CIRCLE('',#2901,1.65);
#233=CIRCLE('',#2902,1.65);
#234=CIRCLE('',#2949,1.65);
#235=CIRCLE('',#2952,1.65);
#236=CIRCLE('',#2955,1.65);
#237=CIRCLE('',#2958,1.65);
#238=CIRCLE('',#2961,6.00000000000001);
#239=CIRCLE('',#2962,6.);
#240=CIRCLE('',#2963,2.625);
#241=CIRCLE('',#2964,6.);
#242=CIRCLE('',#2965,3.375);
#243=CIRCLE('',#2966,3.375);
#244=CIRCLE('',#2967,2.625);
#245=CIRCLE('',#2968,3.375);
#246=CIRCLE('',#2969,3.75);
#247=CIRCLE('',#2970,3.375);
#248=CIRCLE('',#2971,3.375);
#249=CIRCLE('',#2972,3.625);
#250=CIRCLE('',#2973,3.375);
#251=CIRCLE('',#2974,3.375);
#252=CIRCLE('',#2975,3.375);
#253=CIRCLE('',#2976,3.75);
#254=CIRCLE('',#2977,2.625);
#255=CIRCLE('',#2978,3.75);
#256=CIRCLE('',#3010,4.25);
#257=CIRCLE('',#3011,2.);
#258=CIRCLE('',#3013,2.5);
#259=CIRCLE('',#3016,2.);
#260=CIRCLE('',#3018,4.25);
#261=CIRCLE('',#3019,2.);
#262=CIRCLE('',#3020,4.25);
#263=CIRCLE('',#3023,2.5);
#264=CIRCLE('',#3026,2.);
#265=CIRCLE('',#3028,2.);
#266=CIRCLE('',#3029,4.25);
#267=CIRCLE('',#3031,2.5);
#268=CIRCLE('',#3034,2.);
#269=CIRCLE('',#3036,4.25);
#270=CIRCLE('',#3037,2.);
#271=CIRCLE('',#3038,4.25);
#272=CIRCLE('',#3040,2.50000000000001);
#273=CIRCLE('',#3042,2.);
#274=CIRCLE('',#3070,2.5);
#275=CIRCLE('',#3071,2.5);
#276=CIRCLE('',#3072,2.5);
#277=CIRCLE('',#3073,2.50000000000001);
#278=CONICAL_SURFACE('',#2849,1.755,0.785398163397447);
#279=CONICAL_SURFACE('',#2853,1.755,0.785398163397448);
#280=CONICAL_SURFACE('',#2857,1.755,0.78539816339745);
#281=CONICAL_SURFACE('',#2861,1.755,0.785398163397446);
#282=CONICAL_SURFACE('',#3009,3.125,0.785398163397449);
#283=CONICAL_SURFACE('',#3012,1.75,0.785398163397447);
#284=CONICAL_SURFACE('',#3017,3.125,0.785398163397449);
#285=CONICAL_SURFACE('',#3022,1.75,0.785398163397447);
#286=CONICAL_SURFACE('',#3027,3.125,0.785398163397449);
#287=CONICAL_SURFACE('',#3030,1.75,0.785398163397446);
#288=CONICAL_SURFACE('',#3035,3.125,0.785398163397449);
#289=CONICAL_SURFACE('',#3039,1.75000000000001,0.785398163397447);
#290=FACE_OUTER_BOUND('',#439,.T.);
#291=FACE_OUTER_BOUND('',#440,.T.);
#292=FACE_OUTER_BOUND('',#441,.T.);
#293=FACE_OUTER_BOUND('',#442,.T.);
#294=FACE_OUTER_BOUND('',#443,.T.);
#295=FACE_OUTER_BOUND('',#444,.T.);
#296=FACE_OUTER_BOUND('',#445,.T.);
#297=FACE_OUTER_BOUND('',#446,.T.);
#298=FACE_OUTER_BOUND('',#447,.T.);
#299=FACE_OUTER_BOUND('',#448,.T.);
#300=FACE_OUTER_BOUND('',#449,.T.);
#301=FACE_OUTER_BOUND('',#450,.T.);
#302=FACE_OUTER_BOUND('',#451,.T.);
#303=FACE_OUTER_BOUND('',#470,.T.);
#304=FACE_OUTER_BOUND('',#471,.T.);
#305=FACE_OUTER_BOUND('',#472,.T.);
#306=FACE_OUTER_BOUND('',#473,.T.);
#307=FACE_OUTER_BOUND('',#479,.T.);
#308=FACE_OUTER_BOUND('',#480,.T.);
#309=FACE_OUTER_BOUND('',#481,.T.);
#310=FACE_OUTER_BOUND('',#482,.T.);
#311=FACE_OUTER_BOUND('',#483,.T.);
#312=FACE_OUTER_BOUND('',#484,.T.);
#313=FACE_OUTER_BOUND('',#485,.T.);
#314=FACE_OUTER_BOUND('',#486,.T.);
#315=FACE_OUTER_BOUND('',#487,.T.);
#316=FACE_OUTER_BOUND('',#488,.T.);
#317=FACE_OUTER_BOUND('',#489,.T.);
#318=FACE_OUTER_BOUND('',#490,.T.);
#319=FACE_OUTER_BOUND('',#491,.T.);
#320=FACE_OUTER_BOUND('',#492,.T.);
#321=FACE_OUTER_BOUND('',#493,.T.);
#322=FACE_OUTER_BOUND('',#494,.T.);
#323=FACE_OUTER_BOUND('',#497,.T.);
#324=FACE_OUTER_BOUND('',#498,.T.);
#325=FACE_OUTER_BOUND('',#499,.T.);
#326=FACE_OUTER_BOUND('',#500,.T.);
#327=FACE_OUTER_BOUND('',#501,.T.);
#328=FACE_OUTER_BOUND('',#502,.T.);
#329=FACE_OUTER_BOUND('',#503,.T.);
#330=FACE_OUTER_BOUND('',#504,.T.);
#331=FACE_OUTER_BOUND('',#505,.T.);
#332=FACE_OUTER_BOUND('',#506,.T.);
#333=FACE_OUTER_BOUND('',#507,.T.);
#334=FACE_OUTER_BOUND('',#508,.T.);
#335=FACE_OUTER_BOUND('',#509,.T.);
#336=FACE_OUTER_BOUND('',#510,.T.);
#337=FACE_OUTER_BOUND('',#511,.T.);
#338=FACE_OUTER_BOUND('',#512,.T.);
#339=FACE_OUTER_BOUND('',#513,.T.);
#340=FACE_OUTER_BOUND('',#514,.T.);
#341=FACE_OUTER_BOUND('',#515,.T.);
#342=FACE_OUTER_BOUND('',#516,.T.);
#343=FACE_OUTER_BOUND('',#517,.T.);
#344=FACE_OUTER_BOUND('',#518,.T.);
#345=FACE_OUTER_BOUND('',#537,.T.);
#346=FACE_OUTER_BOUND('',#538,.T.);
#347=FACE_OUTER_BOUND('',#541,.T.);
#348=FACE_OUTER_BOUND('',#542,.T.);
#349=FACE_OUTER_BOUND('',#546,.T.);
#350=FACE_OUTER_BOUND('',#547,.T.);
#351=FACE_OUTER_BOUND('',#548,.T.);
#352=FACE_OUTER_BOUND('',#549,.T.);
#353=FACE_OUTER_BOUND('',#550,.T.);
#354=FACE_OUTER_BOUND('',#551,.T.);
#355=FACE_OUTER_BOUND('',#552,.T.);
#356=FACE_OUTER_BOUND('',#556,.T.);
#357=FACE_OUTER_BOUND('',#557,.T.);
#358=FACE_OUTER_BOUND('',#558,.T.);
#359=FACE_OUTER_BOUND('',#559,.T.);
#360=FACE_OUTER_BOUND('',#560,.T.);
#361=FACE_OUTER_BOUND('',#561,.T.);
#362=FACE_OUTER_BOUND('',#562,.T.);
#363=FACE_OUTER_BOUND('',#563,.T.);
#364=FACE_OUTER_BOUND('',#564,.T.);
#365=FACE_OUTER_BOUND('',#565,.T.);
#366=FACE_OUTER_BOUND('',#566,.T.);
#367=FACE_OUTER_BOUND('',#567,.T.);
#368=FACE_OUTER_BOUND('',#568,.T.);
#369=FACE_OUTER_BOUND('',#569,.T.);
#370=FACE_OUTER_BOUND('',#570,.T.);
#371=FACE_OUTER_BOUND('',#571,.T.);
#372=FACE_OUTER_BOUND('',#572,.T.);
#373=FACE_OUTER_BOUND('',#573,.T.);
#374=FACE_OUTER_BOUND('',#574,.T.);
#375=FACE_OUTER_BOUND('',#575,.T.);
#376=FACE_OUTER_BOUND('',#576,.T.);
#377=FACE_OUTER_BOUND('',#577,.T.);
#378=FACE_OUTER_BOUND('',#578,.T.);
#379=FACE_OUTER_BOUND('',#579,.T.);
#380=FACE_OUTER_BOUND('',#580,.T.);
#381=FACE_OUTER_BOUND('',#581,.T.);
#382=FACE_OUTER_BOUND('',#582,.T.);
#383=FACE_OUTER_BOUND('',#583,.T.);
#384=FACE_OUTER_BOUND('',#584,.T.);
#385=FACE_OUTER_BOUND('',#585,.T.);
#386=FACE_OUTER_BOUND('',#586,.T.);
#387=FACE_OUTER_BOUND('',#587,.T.);
#388=FACE_OUTER_BOUND('',#588,.T.);
#389=FACE_OUTER_BOUND('',#589,.T.);
#390=FACE_OUTER_BOUND('',#590,.T.);
#391=FACE_OUTER_BOUND('',#591,.T.);
#392=FACE_OUTER_BOUND('',#592,.T.);
#393=FACE_OUTER_BOUND('',#593,.T.);
#394=FACE_OUTER_BOUND('',#594,.T.);
#395=FACE_OUTER_BOUND('',#595,.T.);
#396=FACE_OUTER_BOUND('',#596,.T.);
#397=FACE_OUTER_BOUND('',#597,.T.);
#398=FACE_OUTER_BOUND('',#598,.T.);
#399=FACE_OUTER_BOUND('',#599,.T.);
#400=FACE_OUTER_BOUND('',#600,.T.);
#401=FACE_OUTER_BOUND('',#601,.T.);
#402=FACE_OUTER_BOUND('',#602,.T.);
#403=FACE_OUTER_BOUND('',#603,.T.);
#404=FACE_OUTER_BOUND('',#604,.T.);
#405=FACE_OUTER_BOUND('',#605,.T.);
#406=FACE_OUTER_BOUND('',#606,.T.);
#407=FACE_OUTER_BOUND('',#607,.T.);
#408=FACE_OUTER_BOUND('',#608,.T.);
#409=FACE_OUTER_BOUND('',#609,.T.);
#410=FACE_OUTER_BOUND('',#610,.T.);
#411=FACE_OUTER_BOUND('',#611,.T.);
#412=FACE_OUTER_BOUND('',#612,.T.);
#413=FACE_OUTER_BOUND('',#613,.T.);
#414=FACE_OUTER_BOUND('',#614,.T.);
#415=FACE_OUTER_BOUND('',#615,.T.);
#416=FACE_OUTER_BOUND('',#616,.T.);
#417=FACE_OUTER_BOUND('',#617,.T.);
#418=FACE_OUTER_BOUND('',#618,.T.);
#419=FACE_OUTER_BOUND('',#619,.T.);
#420=FACE_OUTER_BOUND('',#620,.T.);
#421=FACE_OUTER_BOUND('',#621,.T.);
#422=FACE_OUTER_BOUND('',#622,.T.);
#423=FACE_OUTER_BOUND('',#623,.T.);
#424=FACE_OUTER_BOUND('',#624,.T.);
#425=FACE_OUTER_BOUND('',#625,.T.);
#426=FACE_OUTER_BOUND('',#626,.T.);
#427=FACE_OUTER_BOUND('',#627,.T.);
#428=FACE_OUTER_BOUND('',#628,.T.);
#429=FACE_OUTER_BOUND('',#630,.T.);
#430=FACE_OUTER_BOUND('',#636,.T.);
#431=FACE_OUTER_BOUND('',#637,.T.);
#432=FACE_OUTER_BOUND('',#638,.T.);
#433=FACE_OUTER_BOUND('',#639,.T.);
#434=FACE_OUTER_BOUND('',#640,.T.);
#435=FACE_OUTER_BOUND('',#641,.T.);
#436=FACE_OUTER_BOUND('',#642,.T.);
#437=FACE_OUTER_BOUND('',#643,.T.);
#438=FACE_OUTER_BOUND('',#644,.T.);
#439=EDGE_LOOP('',(#1815,#1816,#1817,#1818));
#440=EDGE_LOOP('',(#1819,#1820,#1821,#1822));
#441=EDGE_LOOP('',(#1823,#1824,#1825,#1826));
#442=EDGE_LOOP('',(#1827,#1828,#1829,#1830));
#443=EDGE_LOOP('',(#1831,#1832,#1833,#1834));
#444=EDGE_LOOP('',(#1835,#1836,#1837,#1838));
#445=EDGE_LOOP('',(#1839,#1840,#1841,#1842));
#446=EDGE_LOOP('',(#1843,#1844,#1845,#1846));
#447=EDGE_LOOP('',(#1847,#1848,#1849,#1850,#1851));
#448=EDGE_LOOP('',(#1852,#1853,#1854,#1855));
#449=EDGE_LOOP('',(#1856,#1857,#1858,#1859,#1860));
#450=EDGE_LOOP('',(#1861,#1862,#1863,#1864));
#451=EDGE_LOOP('',(#1865,#1866,#1867,#1868,#1869,#1870,#1871,#1872));
#452=EDGE_LOOP('',(#1873));
#453=EDGE_LOOP('',(#1874));
#454=EDGE_LOOP('',(#1875));
#455=EDGE_LOOP('',(#1876));
#456=EDGE_LOOP('',(#1877));
#457=EDGE_LOOP('',(#1878));
#458=EDGE_LOOP('',(#1879));
#459=EDGE_LOOP('',(#1880));
#460=EDGE_LOOP('',(#1881));
#461=EDGE_LOOP('',(#1882));
#462=EDGE_LOOP('',(#1883));
#463=EDGE_LOOP('',(#1884));
#464=EDGE_LOOP('',(#1885));
#465=EDGE_LOOP('',(#1886));
#466=EDGE_LOOP('',(#1887));
#467=EDGE_LOOP('',(#1888));
#468=EDGE_LOOP('',(#1889));
#469=EDGE_LOOP('',(#1890));
#470=EDGE_LOOP('',(#1891,#1892,#1893,#1894));
#471=EDGE_LOOP('',(#1895,#1896,#1897,#1898));
#472=EDGE_LOOP('',(#1899,#1900,#1901,#1902));
#473=EDGE_LOOP('',(#1903,#1904,#1905,#1906,#1907,#1908,#1909,#1910));
#474=EDGE_LOOP('',(#1911));
#475=EDGE_LOOP('',(#1912));
#476=EDGE_LOOP('',(#1913));
#477=EDGE_LOOP('',(#1914));
#478=EDGE_LOOP('',(#1915,#1916,#1917,#1918,#1919,#1920,#1921,#1922,#1923,
#1924,#1925,#1926,#1927,#1928,#1929,#1930));
#479=EDGE_LOOP('',(#1931,#1932,#1933,#1934));
#480=EDGE_LOOP('',(#1935,#1936,#1937,#1938));
#481=EDGE_LOOP('',(#1939,#1940,#1941,#1942));
#482=EDGE_LOOP('',(#1943,#1944,#1945,#1946));
#483=EDGE_LOOP('',(#1947,#1948,#1949,#1950));
#484=EDGE_LOOP('',(#1951,#1952,#1953,#1954));
#485=EDGE_LOOP('',(#1955,#1956,#1957,#1958));
#486=EDGE_LOOP('',(#1959,#1960,#1961,#1962));
#487=EDGE_LOOP('',(#1963,#1964,#1965,#1966));
#488=EDGE_LOOP('',(#1967,#1968,#1969,#1970));
#489=EDGE_LOOP('',(#1971,#1972,#1973,#1974));
#490=EDGE_LOOP('',(#1975,#1976,#1977,#1978));
#491=EDGE_LOOP('',(#1979,#1980,#1981,#1982));
#492=EDGE_LOOP('',(#1983,#1984,#1985,#1986,#1987));
#493=EDGE_LOOP('',(#1988,#1989,#1990,#1991));
#494=EDGE_LOOP('',(#1992,#1993,#1994,#1995,#1996,#1997,#1998,#1999));
#495=EDGE_LOOP('',(#2000));
#496=EDGE_LOOP('',(#2001,#2002,#2003,#2004));
#497=EDGE_LOOP('',(#2005,#2006,#2007,#2008,#2009));
#498=EDGE_LOOP('',(#2010,#2011,#2012,#2013,#2014));
#499=EDGE_LOOP('',(#2015,#2016,#2017,#2018));
#500=EDGE_LOOP('',(#2019,#2020,#2021,#2022,#2023,#2024,#2025,#2026));
#501=EDGE_LOOP('',(#2027,#2028,#2029,#2030));
#502=EDGE_LOOP('',(#2031,#2032,#2033,#2034,#2035));
#503=EDGE_LOOP('',(#2036,#2037,#2038,#2039,#2040));
#504=EDGE_LOOP('',(#2041,#2042,#2043,#2044));
#505=EDGE_LOOP('',(#2045,#2046,#2047,#2048));
#506=EDGE_LOOP('',(#2049,#2050,#2051,#2052));
#507=EDGE_LOOP('',(#2053,#2054,#2055,#2056,#2057));
#508=EDGE_LOOP('',(#2058,#2059,#2060,#2061));
#509=EDGE_LOOP('',(#2062,#2063,#2064,#2065));
#510=EDGE_LOOP('',(#2066,#2067,#2068,#2069));
#511=EDGE_LOOP('',(#2070));
#512=EDGE_LOOP('',(#2071,#2072,#2073,#2074));
#513=EDGE_LOOP('',(#2075));
#514=EDGE_LOOP('',(#2076,#2077,#2078,#2079));
#515=EDGE_LOOP('',(#2080));
#516=EDGE_LOOP('',(#2081,#2082,#2083,#2084));
#517=EDGE_LOOP('',(#2085));
#518=EDGE_LOOP('',(#2086,#2087,#2088,#2089,#2090,#2091,#2092,#2093,#2094,
#2095,#2096,#2097,#2098,#2099,#2100,#2101));
#519=EDGE_LOOP('',(#2102));
#520=EDGE_LOOP('',(#2103));
#521=EDGE_LOOP('',(#2104));
#522=EDGE_LOOP('',(#2105));
#523=EDGE_LOOP('',(#2106));
#524=EDGE_LOOP('',(#2107));
#525=EDGE_LOOP('',(#2108));
#526=EDGE_LOOP('',(#2109));
#527=EDGE_LOOP('',(#2110));
#528=EDGE_LOOP('',(#2111));
#529=EDGE_LOOP('',(#2112));
#530=EDGE_LOOP('',(#2113));
#531=EDGE_LOOP('',(#2114));
#532=EDGE_LOOP('',(#2115));
#533=EDGE_LOOP('',(#2116));
#534=EDGE_LOOP('',(#2117));
#535=EDGE_LOOP('',(#2118));
#536=EDGE_LOOP('',(#2119));
#537=EDGE_LOOP('',(#2120,#2121,#2122,#2123));
#538=EDGE_LOOP('',(#2124,#2125,#2126,#2127));
#539=EDGE_LOOP('',(#2128));
#540=EDGE_LOOP('',(#2129,#2130,#2131,#2132));
#541=EDGE_LOOP('',(#2133,#2134,#2135,#2136));
#542=EDGE_LOOP('',(#2137,#2138,#2139,#2140));
#543=EDGE_LOOP('',(#2141));
#544=EDGE_LOOP('',(#2142));
#545=EDGE_LOOP('',(#2143));
#546=EDGE_LOOP('',(#2144,#2145,#2146,#2147));
#547=EDGE_LOOP('',(#2148,#2149,#2150,#2151));
#548=EDGE_LOOP('',(#2152,#2153,#2154,#2155));
#549=EDGE_LOOP('',(#2156,#2157,#2158,#2159));
#550=EDGE_LOOP('',(#2160,#2161,#2162,#2163));
#551=EDGE_LOOP('',(#2164,#2165,#2166,#2167));
#552=EDGE_LOOP('',(#2168,#2169,#2170,#2171));
#553=EDGE_LOOP('',(#2172));
#554=EDGE_LOOP('',(#2173));
#555=EDGE_LOOP('',(#2174));
#556=EDGE_LOOP('',(#2175,#2176,#2177,#2178));
#557=EDGE_LOOP('',(#2179,#2180,#2181,#2182));
#558=EDGE_LOOP('',(#2183,#2184,#2185,#2186));
#559=EDGE_LOOP('',(#2187,#2188,#2189,#2190));
#560=EDGE_LOOP('',(#2191,#2192,#2193,#2194));
#561=EDGE_LOOP('',(#2195,#2196,#2197,#2198));
#562=EDGE_LOOP('',(#2199,#2200,#2201,#2202));
#563=EDGE_LOOP('',(#2203,#2204,#2205,#2206));
#564=EDGE_LOOP('',(#2207,#2208,#2209,#2210));
#565=EDGE_LOOP('',(#2211,#2212,#2213,#2214));
#566=EDGE_LOOP('',(#2215,#2216,#2217,#2218));
#567=EDGE_LOOP('',(#2219,#2220,#2221,#2222));
#568=EDGE_LOOP('',(#2223,#2224,#2225,#2226));
#569=EDGE_LOOP('',(#2227,#2228,#2229,#2230));
#570=EDGE_LOOP('',(#2231,#2232,#2233,#2234));
#571=EDGE_LOOP('',(#2235,#2236,#2237,#2238));
#572=EDGE_LOOP('',(#2239,#2240,#2241,#2242));
#573=EDGE_LOOP('',(#2243,#2244,#2245,#2246));
#574=EDGE_LOOP('',(#2247,#2248,#2249,#2250));
#575=EDGE_LOOP('',(#2251,#2252,#2253,#2254,#2255,#2256,#2257,#2258));
#576=EDGE_LOOP('',(#2259,#2260,#2261,#2262));
#577=EDGE_LOOP('',(#2263,#2264,#2265,#2266,#2267,#2268,#2269,#2270));
#578=EDGE_LOOP('',(#2271,#2272,#2273,#2274));
#579=EDGE_LOOP('',(#2275,#2276,#2277,#2278,#2279,#2280,#2281,#2282));
#580=EDGE_LOOP('',(#2283,#2284,#2285,#2286,#2287,#2288));
#581=EDGE_LOOP('',(#2289,#2290,#2291,#2292));
#582=EDGE_LOOP('',(#2293,#2294,#2295,#2296,#2297,#2298));
#583=EDGE_LOOP('',(#2299,#2300,#2301,#2302));
#584=EDGE_LOOP('',(#2303,#2304,#2305,#2306,#2307,#2308,#2309,#2310));
#585=EDGE_LOOP('',(#2311,#2312,#2313,#2314));
#586=EDGE_LOOP('',(#2315,#2316,#2317,#2318,#2319,#2320));
#587=EDGE_LOOP('',(#2321,#2322,#2323,#2324));
#588=EDGE_LOOP('',(#2325,#2326,#2327,#2328,#2329,#2330,#2331,#2332));
#589=EDGE_LOOP('',(#2333,#2334,#2335,#2336));
#590=EDGE_LOOP('',(#2337,#2338,#2339,#2340));
#591=EDGE_LOOP('',(#2341,#2342,#2343,#2344));
#592=EDGE_LOOP('',(#2345,#2346,#2347,#2348));
#593=EDGE_LOOP('',(#2349,#2350,#2351,#2352));
#594=EDGE_LOOP('',(#2353,#2354,#2355,#2356));
#595=EDGE_LOOP('',(#2357,#2358,#2359,#2360,#2361,#2362,#2363,#2364,#2365,
#2366,#2367,#2368,#2369,#2370,#2371,#2372));
#596=EDGE_LOOP('',(#2373,#2374,#2375,#2376));
#597=EDGE_LOOP('',(#2377,#2378,#2379,#2380,#2381));
#598=EDGE_LOOP('',(#2382,#2383,#2384,#2385));
#599=EDGE_LOOP('',(#2386,#2387,#2388,#2389,#2390));
#600=EDGE_LOOP('',(#2391,#2392,#2393,#2394));
#601=EDGE_LOOP('',(#2395,#2396,#2397,#2398,#2399));
#602=EDGE_LOOP('',(#2400,#2401,#2402,#2403));
#603=EDGE_LOOP('',(#2404,#2405,#2406,#2407,#2408));
#604=EDGE_LOOP('',(#2409,#2410,#2411,#2412));
#605=EDGE_LOOP('',(#2413,#2414,#2415,#2416,#2417));
#606=EDGE_LOOP('',(#2418,#2419,#2420,#2421));
#607=EDGE_LOOP('',(#2422,#2423,#2424,#2425,#2426));
#608=EDGE_LOOP('',(#2427,#2428,#2429,#2430));
#609=EDGE_LOOP('',(#2431,#2432,#2433,#2434,#2435));
#610=EDGE_LOOP('',(#2436,#2437,#2438,#2439));
#611=EDGE_LOOP('',(#2440,#2441,#2442,#2443,#2444));
#612=EDGE_LOOP('',(#2445,#2446,#2447,#2448));
#613=EDGE_LOOP('',(#2449,#2450,#2451,#2452));
#614=EDGE_LOOP('',(#2453,#2454,#2455,#2456));
#615=EDGE_LOOP('',(#2457,#2458,#2459,#2460));
#616=EDGE_LOOP('',(#2461,#2462,#2463,#2464));
#617=EDGE_LOOP('',(#2465,#2466,#2467,#2468));
#618=EDGE_LOOP('',(#2469,#2470,#2471,#2472));
#619=EDGE_LOOP('',(#2473,#2474,#2475,#2476));
#620=EDGE_LOOP('',(#2477,#2478,#2479,#2480));
#621=EDGE_LOOP('',(#2481,#2482,#2483,#2484));
#622=EDGE_LOOP('',(#2485,#2486,#2487,#2488));
#623=EDGE_LOOP('',(#2489,#2490,#2491,#2492));
#624=EDGE_LOOP('',(#2493,#2494,#2495,#2496));
#625=EDGE_LOOP('',(#2497,#2498,#2499,#2500));
#626=EDGE_LOOP('',(#2501,#2502,#2503,#2504));
#627=EDGE_LOOP('',(#2505,#2506,#2507,#2508));
#628=EDGE_LOOP('',(#2509,#2510,#2511,#2512,#2513,#2514,#2515,#2516,#2517,
#2518,#2519,#2520,#2521,#2522,#2523,#2524));
#629=EDGE_LOOP('',(#2525,#2526,#2527,#2528,#2529,#2530,#2531,#2532,#2533,
#2534,#2535,#2536,#2537,#2538,#2539,#2540));
#630=EDGE_LOOP('',(#2541,#2542,#2543,#2544,#2545,#2546,#2547,#2548));
#631=EDGE_LOOP('',(#2549));
#632=EDGE_LOOP('',(#2550));
#633=EDGE_LOOP('',(#2551));
#634=EDGE_LOOP('',(#2552));
#635=EDGE_LOOP('',(#2553,#2554,#2555,#2556,#2557,#2558,#2559,#2560,#2561,
#2562,#2563,#2564,#2565,#2566,#2567,#2568));
#636=EDGE_LOOP('',(#2569,#2570,#2571,#2572));
#637=EDGE_LOOP('',(#2573,#2574,#2575,#2576));
#638=EDGE_LOOP('',(#2577,#2578,#2579,#2580));
#639=EDGE_LOOP('',(#2581,#2582,#2583,#2584));
#640=EDGE_LOOP('',(#2585,#2586,#2587,#2588,#2589,#2590,#2591,#2592,#2593,
#2594));
#641=EDGE_LOOP('',(#2595,#2596,#2597,#2598));
#642=EDGE_LOOP('',(#2599,#2600,#2601,#2602));
#643=EDGE_LOOP('',(#2603,#2604,#2605,#2606));
#644=EDGE_LOOP('',(#2607,#2608,#2609,#2610));
#645=LINE('',#3817,#903);
#646=LINE('',#3819,#904);
#647=LINE('',#3821,#905);
#648=LINE('',#3822,#906);
#649=LINE('',#3827,#907);
#650=LINE('',#3832,#908);
#651=LINE('',#3833,#909);
#652=LINE('',#3834,#910);
#653=LINE('',#3839,#911);
#654=LINE('',#3844,#912);
#655=LINE('',#3845,#913);
#656=LINE('',#3846,#914);
#657=LINE('',#3851,#915);
#658=LINE('',#3856,#916);
#659=LINE('',#3857,#917);
#660=LINE('',#3858,#918);
#661=LINE('',#3864,#919);
#662=LINE('',#3866,#920);
#663=LINE('',#3880,#921);
#664=LINE('',#3883,#922);
#665=LINE('',#3884,#923);
#666=LINE('',#3887,#924);
#667=LINE('',#3901,#925);
#668=LINE('',#3904,#926);
#669=LINE('',#3905,#927);
#670=LINE('',#3947,#928);
#671=LINE('',#3954,#929);
#672=LINE('',#3957,#930);
#673=LINE('',#3960,#931);
#674=LINE('',#3962,#932);
#675=LINE('',#3963,#933);
#676=LINE('',#3969,#934);
#677=LINE('',#3973,#935);
#678=LINE('',#3977,#936);
#679=LINE('',#3980,#937);
#680=LINE('',#3990,#938);
#681=LINE('',#3992,#939);
#682=LINE('',#3994,#940);
#683=LINE('',#3998,#941);
#684=LINE('',#4000,#942);
#685=LINE('',#4002,#943);
#686=LINE('',#4006,#944);
#687=LINE('',#4008,#945);
#688=LINE('',#4010,#946);
#689=LINE('',#4014,#947);
#690=LINE('',#4015,#948);
#691=LINE('',#4018,#949);
#692=LINE('',#4021,#950);
#693=LINE('',#4024,#951);
#694=LINE('',#4025,#952);
#695=LINE('',#4030,#953);
#696=LINE('',#4031,#954);
#697=LINE('',#4034,#955);
#698=LINE('',#4035,#956);
#699=LINE('',#4040,#957);
#700=LINE('',#4041,#958);
#701=LINE('',#4044,#959);
#702=LINE('',#4045,#960);
#703=LINE('',#4050,#961);
#704=LINE('',#4056,#962);
#705=LINE('',#4062,#963);
#706=LINE('',#4067,#964);
#707=LINE('',#4069,#965);
#708=LINE('',#4071,#966);
#709=LINE('',#4072,#967);
#710=LINE('',#4078,#968);
#711=LINE('',#4081,#969);
#712=LINE('',#4083,#970);
#713=LINE('',#4084,#971);
#714=LINE('',#4090,#972);
#715=LINE('',#4092,#973);
#716=LINE('',#4106,#974);
#717=LINE('',#4108,#975);
#718=LINE('',#4109,#976);
#719=LINE('',#4112,#977);
#720=LINE('',#4114,#978);
#721=LINE('',#4115,#979);
#722=LINE('',#4118,#980);
#723=LINE('',#4133,#981);
#724=LINE('',#4134,#982);
#725=LINE('',#4137,#983);
#726=LINE('',#4139,#984);
#727=LINE('',#4153,#985);
#728=LINE('',#4154,#986);
#729=LINE('',#4157,#987);
#730=LINE('',#4159,#988);
#731=LINE('',#4161,#989);
#732=LINE('',#4163,#990);
#733=LINE('',#4164,#991);
#734=LINE('',#4166,#992);
#735=LINE('',#4169,#993);
#736=LINE('',#4183,#994);
#737=LINE('',#4197,#995);
#738=LINE('',#4199,#996);
#739=LINE('',#4203,#997);
#740=LINE('',#4204,#998);
#741=LINE('',#4218,#999);
#742=LINE('',#4220,#1000);
#743=LINE('',#4222,#1001);
#744=LINE('',#4225,#1002);
#745=LINE('',#4230,#1003);
#746=LINE('',#4235,#1004);
#747=LINE('',#4240,#1005);
#748=LINE('',#4245,#1006);
#749=LINE('',#4246,#1007);
#750=LINE('',#4248,#1008);
#751=LINE('',#4249,#1009);
#752=LINE('',#4251,#1010);
#753=LINE('',#4252,#1011);
#754=LINE('',#4254,#1012);
#755=LINE('',#4255,#1013);
#756=LINE('',#4293,#1014);
#757=LINE('',#4295,#1015);
#758=LINE('',#4298,#1016);
#759=LINE('',#4301,#1017);
#760=LINE('',#4307,#1018);
#761=LINE('',#4310,#1019);
#762=LINE('',#4312,#1020);
#763=LINE('',#4314,#1021);
#764=LINE('',#4316,#1022);
#765=LINE('',#4318,#1023);
#766=LINE('',#4320,#1024);
#767=LINE('',#4322,#1025);
#768=LINE('',#4324,#1026);
#769=LINE('',#4326,#1027);
#770=LINE('',#4328,#1028);
#771=LINE('',#4330,#1029);
#772=LINE('',#4332,#1030);
#773=LINE('',#4334,#1031);
#774=LINE('',#4336,#1032);
#775=LINE('',#4338,#1033);
#776=LINE('',#4340,#1034);
#777=LINE('',#4342,#1035);
#778=LINE('',#4344,#1036);
#779=LINE('',#4358,#1037);
#780=LINE('',#4376,#1038);
#781=LINE('',#4379,#1039);
#782=LINE('',#4382,#1040);
#783=LINE('',#4392,#1041);
#784=LINE('',#4393,#1042);
#785=LINE('',#4396,#1043);
#786=LINE('',#4407,#1044);
#787=LINE('',#4427,#1045);
#788=LINE('',#4429,#1046);
#789=LINE('',#4431,#1047);
#790=LINE('',#4436,#1048);
#791=LINE('',#4439,#1049);
#792=LINE('',#4442,#1050);
#793=LINE('',#4443,#1051);
#794=LINE('',#4446,#1052);
#795=LINE('',#4450,#1053);
#796=LINE('',#4470,#1054);
#797=LINE('',#4474,#1055);
#798=LINE('',#4480,#1056);
#799=LINE('',#4481,#1057);
#800=LINE('',#4484,#1058);
#801=LINE('',#4490,#1059);
#802=LINE('',#4507,#1060);
#803=LINE('',#4552,#1061);
#804=LINE('',#4566,#1062);
#805=LINE('',#4610,#1063);
#806=LINE('',#4624,#1064);
#807=LINE('',#4668,#1065);
#808=LINE('',#4682,#1066);
#809=LINE('',#4726,#1067);
#810=LINE('',#4740,#1068);
#811=LINE('',#4743,#1069);
#812=LINE('',#4745,#1070);
#813=LINE('',#4747,#1071);
#814=LINE('',#4748,#1072);
#815=LINE('',#4750,#1073);
#816=LINE('',#4752,#1074);
#817=LINE('',#4753,#1075);
#818=LINE('',#4755,#1076);
#819=LINE('',#4757,#1077);
#820=LINE('',#4758,#1078);
#821=LINE('',#4760,#1079);
#822=LINE('',#4761,#1080);
#823=LINE('',#4764,#1081);
#824=LINE('',#4766,#1082);
#825=LINE('',#4767,#1083);
#826=LINE('',#4770,#1084);
#827=LINE('',#4771,#1085);
#828=LINE('',#4813,#1086);
#829=LINE('',#4816,#1087);
#830=LINE('',#4817,#1088);
#831=LINE('',#4820,#1089);
#832=LINE('',#4821,#1090);
#833=LINE('',#4824,#1091);
#834=LINE('',#4825,#1092);
#835=LINE('',#4867,#1093);
#836=LINE('',#4870,#1094);
#837=LINE('',#4871,#1095);
#838=LINE('',#4874,#1096);
#839=LINE('',#4875,#1097);
#840=LINE('',#4878,#1098);
#841=LINE('',#4879,#1099);
#842=LINE('',#4921,#1100);
#843=LINE('',#4924,#1101);
#844=LINE('',#4925,#1102);
#845=LINE('',#4928,#1103);
#846=LINE('',#4929,#1104);
#847=LINE('',#4932,#1105);
#848=LINE('',#4933,#1106);
#849=LINE('',#4975,#1107);
#850=LINE('',#4977,#1108);
#851=LINE('',#5021,#1109);
#852=LINE('',#5039,#1110);
#853=LINE('',#5042,#1111);
#854=LINE('',#5044,#1112);
#855=LINE('',#5045,#1113);
#856=LINE('',#5048,#1114);
#857=LINE('',#5050,#1115);
#858=LINE('',#5051,#1116);
#859=LINE('',#5054,#1117);
#860=LINE('',#5056,#1118);
#861=LINE('',#5057,#1119);
#862=LINE('',#5116,#1120);
#863=LINE('',#5119,#1121);
#864=LINE('',#5121,#1122);
#865=LINE('',#5122,#1123);
#866=LINE('',#5125,#1124);
#867=LINE('',#5127,#1125);
#868=LINE('',#5128,#1126);
#869=LINE('',#5131,#1127);
#870=LINE('',#5133,#1128);
#871=LINE('',#5134,#1129);
#872=LINE('',#5193,#1130);
#873=LINE('',#5196,#1131);
#874=LINE('',#5198,#1132);
#875=LINE('',#5199,#1133);
#876=LINE('',#5202,#1134);
#877=LINE('',#5204,#1135);
#878=LINE('',#5205,#1136);
#879=LINE('',#5208,#1137);
#880=LINE('',#5210,#1138);
#881=LINE('',#5211,#1139);
#882=LINE('',#5270,#1140);
#883=LINE('',#5273,#1141);
#884=LINE('',#5275,#1142);
#885=LINE('',#5276,#1143);
#886=LINE('',#5279,#1144);
#887=LINE('',#5281,#1145);
#888=LINE('',#5282,#1146);
#889=LINE('',#5284,#1147);
#890=LINE('',#5285,#1148);
#891=LINE('',#5290,#1149);
#892=LINE('',#5294,#1150);
#893=LINE('',#5298,#1151);
#894=LINE('',#5302,#1152);
#895=LINE('',#5305,#1153);
#896=LINE('',#5306,#1154);
#897=LINE('',#5308,#1155);
#898=LINE('',#5310,#1156);
#899=LINE('',#5312,#1157);
#900=LINE('',#5315,#1158);
#901=LINE('',#5317,#1159);
#902=LINE('',#5319,#1160);
#903=VECTOR('',#3087,10.);
#904=VECTOR('',#3088,10.);
#905=VECTOR('',#3089,10.);
#906=VECTOR('',#3090,10.);
#907=VECTOR('',#3095,10.);
#908=VECTOR('',#3100,10.);
#909=VECTOR('',#3101,10.);
#910=VECTOR('',#3102,10.);
#911=VECTOR('',#3107,10.);
#912=VECTOR('',#3112,10.);
#913=VECTOR('',#3113,10.);
#914=VECTOR('',#3114,10.);
#915=VECTOR('',#3119,10.);
#916=VECTOR('',#3124,10.);
#917=VECTOR('',#3125,10.);
#918=VECTOR('',#3126,10.);
#919=VECTOR('',#3135,10.);
#920=VECTOR('',#3136,10.);
#921=VECTOR('',#3137,10.);
#922=VECTOR('',#3140,10.);
#923=VECTOR('',#3141,10.);
#924=VECTOR('',#3144,10.);
#925=VECTOR('',#3145,10.);
#926=VECTOR('',#3148,10.);
#927=VECTOR('',#3149,10.);
#928=VECTOR('',#3192,4.);
#929=VECTOR('',#3199,10.);
#930=VECTOR('',#3202,10.);
#931=VECTOR('',#3205,10.);
#932=VECTOR('',#3206,10.);
#933=VECTOR('',#3207,10.);
#934=VECTOR('',#3212,10.);
#935=VECTOR('',#3215,10.);
#936=VECTOR('',#3218,10.);
#937=VECTOR('',#3221,10.);
#938=VECTOR('',#3230,10.);
#939=VECTOR('',#3231,10.);
#940=VECTOR('',#3232,10.);
#941=VECTOR('',#3235,10.);
#942=VECTOR('',#3236,10.);
#943=VECTOR('',#3237,10.);
#944=VECTOR('',#3240,10.);
#945=VECTOR('',#3241,10.);
#946=VECTOR('',#3242,10.);
#947=VECTOR('',#3245,10.);
#948=VECTOR('',#3246,10.);
#949=VECTOR('',#3249,10.);
#950=VECTOR('',#3252,10.);
#951=VECTOR('',#3255,10.);
#952=VECTOR('',#3256,10.);
#953=VECTOR('',#3261,10.);
#954=VECTOR('',#3262,10.);
#955=VECTOR('',#3265,10.);
#956=VECTOR('',#3266,10.);
#957=VECTOR('',#3271,10.);
#958=VECTOR('',#3272,10.);
#959=VECTOR('',#3275,10.);
#960=VECTOR('',#3276,10.);
#961=VECTOR('',#3281,5.5);
#962=VECTOR('',#3288,5.5);
#963=VECTOR('',#3295,5.5);
#964=VECTOR('',#3300,10.);
#965=VECTOR('',#3301,10.);
#966=VECTOR('',#3302,10.);
#967=VECTOR('',#3303,10.);
#968=VECTOR('',#3310,10.);
#969=VECTOR('',#3313,10.);
#970=VECTOR('',#3314,10.);
#971=VECTOR('',#3315,10.);
#972=VECTOR('',#3324,10.);
#973=VECTOR('',#3325,10.);
#974=VECTOR('',#3326,10.);
#975=VECTOR('',#3329,10.);
#976=VECTOR('',#3330,10.);
#977=VECTOR('',#3333,10.);
#978=VECTOR('',#3334,10.);
#979=VECTOR('',#3335,10.);
#980=VECTOR('',#3338,10.);
#981=VECTOR('',#3339,10.);
#982=VECTOR('',#3340,10.);
#983=VECTOR('',#3343,10.);
#984=VECTOR('',#3344,10.);
#985=VECTOR('',#3347,10.);
#986=VECTOR('',#3348,10.);
#987=VECTOR('',#3351,10.);
#988=VECTOR('',#3352,10.);
#989=VECTOR('',#3353,10.);
#990=VECTOR('',#3354,10.);
#991=VECTOR('',#3355,10.);
#992=VECTOR('',#3358,10.);
#993=VECTOR('',#3361,10.);
#994=VECTOR('',#3364,10.);
#995=VECTOR('',#3365,10.);
#996=VECTOR('',#3368,10.);
#997=VECTOR('',#3373,10.);
#998=VECTOR('',#3374,10.);
#999=VECTOR('',#3377,10.);
#1000=VECTOR('',#3380,10.);
#1001=VECTOR('',#3383,10.);
#1002=VECTOR('',#3386,1.65);
#1003=VECTOR('',#3393,1.65);
#1004=VECTOR('',#3400,1.65);
#1005=VECTOR('',#3407,1.65);
#1006=VECTOR('',#3414,10.);
#1007=VECTOR('',#3415,10.);
#1008=VECTOR('',#3416,10.);
#1009=VECTOR('',#3417,10.);
#1010=VECTOR('',#3418,10.);
#1011=VECTOR('',#3419,10.);
#1012=VECTOR('',#3420,10.);
#1013=VECTOR('',#3421,10.);
#1014=VECTOR('',#3460,10.);
#1015=VECTOR('',#3463,10.);
#1016=VECTOR('',#3468,10.);
#1017=VECTOR('',#3473,10.);
#1018=VECTOR('',#3484,10.);
#1019=VECTOR('',#3489,3.5);
#1020=VECTOR('',#3492,2.625);
#1021=VECTOR('',#3495,3.5);
#1022=VECTOR('',#3498,3.125);
#1023=VECTOR('',#3501,3.125);
#1024=VECTOR('',#3504,3.125);
#1025=VECTOR('',#3507,3.125);
#1026=VECTOR('',#3510,3.125);
#1027=VECTOR('',#3513,3.125);
#1028=VECTOR('',#3516,3.5);
#1029=VECTOR('',#3519,3.125);
#1030=VECTOR('',#3522,6.00000000000001);
#1031=VECTOR('',#3525,2.625);
#1032=VECTOR('',#3528,3.125);
#1033=VECTOR('',#3531,3.125);
#1034=VECTOR('',#3534,6.);
#1035=VECTOR('',#3537,2.625);
#1036=VECTOR('',#3540,6.);
#1037=VECTOR('',#3545,3.125);
#1038=VECTOR('',#3550,10.);
#1039=VECTOR('',#3553,10.);
#1040=VECTOR('',#3556,10.);
#1041=VECTOR('',#3557,10.);
#1042=VECTOR('',#3558,10.);
#1043=VECTOR('',#3561,1.65);
#1044=VECTOR('',#3568,3.125);
#1045=VECTOR('',#3575,10.);
#1046=VECTOR('',#3576,10.);
#1047=VECTOR('',#3577,10.);
#1048=VECTOR('',#3578,10.);
#1049=VECTOR('',#3581,10.);
#1050=VECTOR('',#3586,10.);
#1051=VECTOR('',#3587,10.);
#1052=VECTOR('',#3590,1.65);
#1053=VECTOR('',#3595,3.125);
#1054=VECTOR('',#3602,10.);
#1055=VECTOR('',#3607,10.);
#1056=VECTOR('',#3608,10.);
#1057=VECTOR('',#3609,10.);
#1058=VECTOR('',#3612,1.65);
#1059=VECTOR('',#3619,3.125);
#1060=VECTOR('',#3630,1.65);
#1061=VECTOR('',#3633,10.);
#1062=VECTOR('',#3634,10.);
#1063=VECTOR('',#3635,10.);
#1064=VECTOR('',#3636,10.);
#1065=VECTOR('',#3637,10.);
#1066=VECTOR('',#3638,10.);
#1067=VECTOR('',#3639,10.);
#1068=VECTOR('',#3640,10.);
#1069=VECTOR('',#3643,10.);
#1070=VECTOR('',#3644,10.);
#1071=VECTOR('',#3645,10.);
#1072=VECTOR('',#3646,10.);
#1073=VECTOR('',#3647,10.);
#1074=VECTOR('',#3648,10.);
#1075=VECTOR('',#3649,10.);
#1076=VECTOR('',#3650,10.);
#1077=VECTOR('',#3651,10.);
#1078=VECTOR('',#3652,10.);
#1079=VECTOR('',#3653,10.);
#1080=VECTOR('',#3654,10.);
#1081=VECTOR('',#3657,10.);
#1082=VECTOR('',#3658,10.);
#1083=VECTOR('',#3659,10.);
#1084=VECTOR('',#3662,10.);
#1085=VECTOR('',#3663,10.);
#1086=VECTOR('',#3664,10.);
#1087=VECTOR('',#3667,10.);
#1088=VECTOR('',#3668,10.);
#1089=VECTOR('',#3671,10.);
#1090=VECTOR('',#3672,10.);
#1091=VECTOR('',#3675,10.);
#1092=VECTOR('',#3676,10.);
#1093=VECTOR('',#3677,10.);
#1094=VECTOR('',#3680,10.);
#1095=VECTOR('',#3681,10.);
#1096=VECTOR('',#3684,10.);
#1097=VECTOR('',#3685,10.);
#1098=VECTOR('',#3688,10.);
#1099=VECTOR('',#3689,10.);
#1100=VECTOR('',#3690,10.);
#1101=VECTOR('',#3693,10.);
#1102=VECTOR('',#3694,10.);
#1103=VECTOR('',#3697,10.);
#1104=VECTOR('',#3698,10.);
#1105=VECTOR('',#3701,10.);
#1106=VECTOR('',#3702,10.);
#1107=VECTOR('',#3703,10.);
#1108=VECTOR('',#3706,10.);
#1109=VECTOR('',#3707,10.);
#1110=VECTOR('',#3708,10.);
#1111=VECTOR('',#3711,10.);
#1112=VECTOR('',#3712,10.);
#1113=VECTOR('',#3713,10.);
#1114=VECTOR('',#3716,10.);
#1115=VECTOR('',#3717,10.);
#1116=VECTOR('',#3718,10.);
#1117=VECTOR('',#3721,10.);
#1118=VECTOR('',#3722,10.);
#1119=VECTOR('',#3723,10.);
#1120=VECTOR('',#3724,10.);
#1121=VECTOR('',#3727,10.);
#1122=VECTOR('',#3728,10.);
#1123=VECTOR('',#3729,10.);
#1124=VECTOR('',#3732,10.);
#1125=VECTOR('',#3733,10.);
#1126=VECTOR('',#3734,10.);
#1127=VECTOR('',#3737,10.);
#1128=VECTOR('',#3738,10.);
#1129=VECTOR('',#3739,10.);
#1130=VECTOR('',#3740,10.);
#1131=VECTOR('',#3743,10.);
#1132=VECTOR('',#3744,10.);
#1133=VECTOR('',#3745,10.);
#1134=VECTOR('',#3748,10.);
#1135=VECTOR('',#3749,10.);
#1136=VECTOR('',#3750,10.);
#1137=VECTOR('',#3753,10.);
#1138=VECTOR('',#3754,10.);
#1139=VECTOR('',#3755,10.);
#1140=VECTOR('',#3756,10.);
#1141=VECTOR('',#3759,10.);
#1142=VECTOR('',#3760,10.);
#1143=VECTOR('',#3761,10.);
#1144=VECTOR('',#3764,10.);
#1145=VECTOR('',#3765,10.);
#1146=VECTOR('',#3766,10.);
#1147=VECTOR('',#3769,10.);
#1148=VECTOR('',#3770,10.);
#1149=VECTOR('',#3775,10.);
#1150=VECTOR('',#3778,10.);
#1151=VECTOR('',#3781,10.);
#1152=VECTOR('',#3784,10.);
#1153=VECTOR('',#3789,10.);
#1154=VECTOR('',#3790,10.);
#1155=VECTOR('',#3793,10.);
#1156=VECTOR('',#3796,10.);
#1157=VECTOR('',#3799,10.);
#1158=VECTOR('',#3804,10.);
#1159=VECTOR('',#3807,10.);
#1160=VECTOR('',#3810,10.);
#1161=VERTEX_POINT('',#3815);
#1162=VERTEX_POINT('',#3816);
#1163=VERTEX_POINT('',#3818);
#1164=VERTEX_POINT('',#3820);
#1165=VERTEX_POINT('',#3824);
#1166=VERTEX_POINT('',#3826);
#1167=VERTEX_POINT('',#3830);
#1168=VERTEX_POINT('',#3831);
#1169=VERTEX_POINT('',#3836);
#1170=VERTEX_POINT('',#3838);
#1171=VERTEX_POINT('',#3842);
#1172=VERTEX_POINT('',#3843);
#1173=VERTEX_POINT('',#3848);
#1174=VERTEX_POINT('',#3850);
#1175=VERTEX_POINT('',#3854);
#1176=VERTEX_POINT('',#3855);
#1177=VERTEX_POINT('',#3863);
#1178=VERTEX_POINT('',#3865);
#1179=VERTEX_POINT('',#3867);
#1180=VERTEX_POINT('',#3882);
#1181=VERTEX_POINT('',#3886);
#1182=VERTEX_POINT('',#3888);
#1183=VERTEX_POINT('',#3903);
#1184=VERTEX_POINT('',#3907);
#1185=VERTEX_POINT('',#3909);
#1186=VERTEX_POINT('',#3911);
#1187=VERTEX_POINT('',#3913);
#1188=VERTEX_POINT('',#3915);
#1189=VERTEX_POINT('',#3917);
#1190=VERTEX_POINT('',#3919);
#1191=VERTEX_POINT('',#3921);
#1192=VERTEX_POINT('',#3923);
#1193=VERTEX_POINT('',#3925);
#1194=VERTEX_POINT('',#3927);
#1195=VERTEX_POINT('',#3929);
#1196=VERTEX_POINT('',#3931);
#1197=VERTEX_POINT('',#3933);
#1198=VERTEX_POINT('',#3935);
#1199=VERTEX_POINT('',#3937);
#1200=VERTEX_POINT('',#3939);
#1201=VERTEX_POINT('',#3941);
#1202=VERTEX_POINT('',#3944);
#1203=VERTEX_POINT('',#3946);
#1204=VERTEX_POINT('',#3950);
#1205=VERTEX_POINT('',#3951);
#1206=VERTEX_POINT('',#3953);
#1207=VERTEX_POINT('',#3955);
#1208=VERTEX_POINT('',#3959);
#1209=VERTEX_POINT('',#3961);
#1210=VERTEX_POINT('',#3965);
#1211=VERTEX_POINT('',#3966);
#1212=VERTEX_POINT('',#3968);
#1213=VERTEX_POINT('',#3970);
#1214=VERTEX_POINT('',#3972);
#1215=VERTEX_POINT('',#3974);
#1216=VERTEX_POINT('',#3976);
#1217=VERTEX_POINT('',#3978);
#1218=VERTEX_POINT('',#3981);
#1219=VERTEX_POINT('',#3983);
#1220=VERTEX_POINT('',#3985);
#1221=VERTEX_POINT('',#3987);
#1222=VERTEX_POINT('',#3989);
#1223=VERTEX_POINT('',#3991);
#1224=VERTEX_POINT('',#3993);
#1225=VERTEX_POINT('',#3995);
#1226=VERTEX_POINT('',#3997);
#1227=VERTEX_POINT('',#3999);
#1228=VERTEX_POINT('',#4001);
#1229=VERTEX_POINT('',#4003);
#1230=VERTEX_POINT('',#4005);
#1231=VERTEX_POINT('',#4007);
#1232=VERTEX_POINT('',#4009);
#1233=VERTEX_POINT('',#4011);
#1234=VERTEX_POINT('',#4013);
#1235=VERTEX_POINT('',#4017);
#1236=VERTEX_POINT('',#4019);
#1237=VERTEX_POINT('',#4023);
#1238=VERTEX_POINT('',#4027);
#1239=VERTEX_POINT('',#4028);
#1240=VERTEX_POINT('',#4033);
#1241=VERTEX_POINT('',#4037);
#1242=VERTEX_POINT('',#4038);
#1243=VERTEX_POINT('',#4043);
#1244=VERTEX_POINT('',#4047);
#1245=VERTEX_POINT('',#4049);
#1246=VERTEX_POINT('',#4053);
#1247=VERTEX_POINT('',#4055);
#1248=VERTEX_POINT('',#4059);
#1249=VERTEX_POINT('',#4061);
#1250=VERTEX_POINT('',#4065);
#1251=VERTEX_POINT('',#4066);
#1252=VERTEX_POINT('',#4068);
#1253=VERTEX_POINT('',#4070);
#1254=VERTEX_POINT('',#4074);
#1255=VERTEX_POINT('',#4076);
#1256=VERTEX_POINT('',#4080);
#1257=VERTEX_POINT('',#4082);
#1258=VERTEX_POINT('',#4089);
#1259=VERTEX_POINT('',#4091);
#1260=VERTEX_POINT('',#4093);
#1261=VERTEX_POINT('',#4111);
#1262=VERTEX_POINT('',#4113);
#1263=VERTEX_POINT('',#4117);
#1264=VERTEX_POINT('',#4119);
#1265=VERTEX_POINT('',#4132);
#1266=VERTEX_POINT('',#4136);
#1267=VERTEX_POINT('',#4138);
#1268=VERTEX_POINT('',#4156);
#1269=VERTEX_POINT('',#4158);
#1270=VERTEX_POINT('',#4160);
#1271=VERTEX_POINT('',#4162);
#1272=VERTEX_POINT('',#4168);
#1273=VERTEX_POINT('',#4184);
#1274=VERTEX_POINT('',#4202);
#1275=VERTEX_POINT('',#4224);
#1276=VERTEX_POINT('',#4229);
#1277=VERTEX_POINT('',#4234);
#1278=VERTEX_POINT('',#4239);
#1279=VERTEX_POINT('',#4244);
#1280=VERTEX_POINT('',#4247);
#1281=VERTEX_POINT('',#4250);
#1282=VERTEX_POINT('',#4253);
#1283=VERTEX_POINT('',#4256);
#1284=VERTEX_POINT('',#4258);
#1285=VERTEX_POINT('',#4260);
#1286=VERTEX_POINT('',#4262);
#1287=VERTEX_POINT('',#4264);
#1288=VERTEX_POINT('',#4266);
#1289=VERTEX_POINT('',#4268);
#1290=VERTEX_POINT('',#4270);
#1291=VERTEX_POINT('',#4272);
#1292=VERTEX_POINT('',#4274);
#1293=VERTEX_POINT('',#4276);
#1294=VERTEX_POINT('',#4278);
#1295=VERTEX_POINT('',#4280);
#1296=VERTEX_POINT('',#4282);
#1297=VERTEX_POINT('',#4284);
#1298=VERTEX_POINT('',#4286);
#1299=VERTEX_POINT('',#4288);
#1300=VERTEX_POINT('',#4290);
#1301=VERTEX_POINT('',#4346);
#1302=VERTEX_POINT('',#4347);
#1303=VERTEX_POINT('',#4351);
#1304=VERTEX_POINT('',#4353);
#1305=VERTEX_POINT('',#4357);
#1306=VERTEX_POINT('',#4360);
#1307=VERTEX_POINT('',#4375);
#1308=VERTEX_POINT('',#4377);
#1309=VERTEX_POINT('',#4381);
#1310=VERTEX_POINT('',#4383);
#1311=VERTEX_POINT('',#4387);
#1312=VERTEX_POINT('',#4391);
#1313=VERTEX_POINT('',#4395);
#1314=VERTEX_POINT('',#4399);
#1315=VERTEX_POINT('',#4400);
#1316=VERTEX_POINT('',#4404);
#1317=VERTEX_POINT('',#4406);
#1318=VERTEX_POINT('',#4409);
#1319=VERTEX_POINT('',#4411);
#1320=VERTEX_POINT('',#4426);
#1321=VERTEX_POINT('',#4428);
#1322=VERTEX_POINT('',#4430);
#1323=VERTEX_POINT('',#4432);
#1324=VERTEX_POINT('',#4438);
#1325=VERTEX_POINT('',#4445);
#1326=VERTEX_POINT('',#4449);
#1327=VERTEX_POINT('',#4452);
#1328=VERTEX_POINT('',#4454);
#1329=VERTEX_POINT('',#4469);
#1330=VERTEX_POINT('',#4473);
#1331=VERTEX_POINT('',#4475);
#1332=VERTEX_POINT('',#4479);
#1333=VERTEX_POINT('',#4483);
#1334=VERTEX_POINT('',#4487);
#1335=VERTEX_POINT('',#4489);
#1336=VERTEX_POINT('',#4506);
#1337=VERTEX_POINT('',#4533);
#1338=VERTEX_POINT('',#4534);
#1339=VERTEX_POINT('',#4551);
#1340=VERTEX_POINT('',#4553);
#1341=VERTEX_POINT('',#4591);
#1342=VERTEX_POINT('',#4592);
#1343=VERTEX_POINT('',#4609);
#1344=VERTEX_POINT('',#4611);
#1345=VERTEX_POINT('',#4649);
#1346=VERTEX_POINT('',#4650);
#1347=VERTEX_POINT('',#4667);
#1348=VERTEX_POINT('',#4669);
#1349=VERTEX_POINT('',#4707);
#1350=VERTEX_POINT('',#4708);
#1351=VERTEX_POINT('',#4725);
#1352=VERTEX_POINT('',#4727);
#1353=VERTEX_POINT('',#4742);
#1354=VERTEX_POINT('',#4744);
#1355=VERTEX_POINT('',#4746);
#1356=VERTEX_POINT('',#4749);
#1357=VERTEX_POINT('',#4751);
#1358=VERTEX_POINT('',#4754);
#1359=VERTEX_POINT('',#4756);
#1360=VERTEX_POINT('',#4759);
#1361=VERTEX_POINT('',#4763);
#1362=VERTEX_POINT('',#4765);
#1363=VERTEX_POINT('',#4769);
#1364=VERTEX_POINT('',#4796);
#1365=VERTEX_POINT('',#4815);
#1366=VERTEX_POINT('',#4819);
#1367=VERTEX_POINT('',#4823);
#1368=VERTEX_POINT('',#4850);
#1369=VERTEX_POINT('',#4869);
#1370=VERTEX_POINT('',#4873);
#1371=VERTEX_POINT('',#4877);
#1372=VERTEX_POINT('',#4904);
#1373=VERTEX_POINT('',#4923);
#1374=VERTEX_POINT('',#4927);
#1375=VERTEX_POINT('',#4931);
#1376=VERTEX_POINT('',#4958);
#1377=VERTEX_POINT('',#5002);
#1378=VERTEX_POINT('',#5003);
#1379=VERTEX_POINT('',#5020);
#1380=VERTEX_POINT('',#5022);
#1381=VERTEX_POINT('',#5041);
#1382=VERTEX_POINT('',#5043);
#1383=VERTEX_POINT('',#5047);
#1384=VERTEX_POINT('',#5049);
#1385=VERTEX_POINT('',#5053);
#1386=VERTEX_POINT('',#5055);
#1387=VERTEX_POINT('',#5082);
#1388=VERTEX_POINT('',#5099);
#1389=VERTEX_POINT('',#5118);
#1390=VERTEX_POINT('',#5120);
#1391=VERTEX_POINT('',#5124);
#1392=VERTEX_POINT('',#5126);
#1393=VERTEX_POINT('',#5130);
#1394=VERTEX_POINT('',#5132);
#1395=VERTEX_POINT('',#5159);
#1396=VERTEX_POINT('',#5176);
#1397=VERTEX_POINT('',#5195);
#1398=VERTEX_POINT('',#5197);
#1399=VERTEX_POINT('',#5201);
#1400=VERTEX_POINT('',#5203);
#1401=VERTEX_POINT('',#5207);
#1402=VERTEX_POINT('',#5209);
#1403=VERTEX_POINT('',#5236);
#1404=VERTEX_POINT('',#5253);
#1405=VERTEX_POINT('',#5272);
#1406=VERTEX_POINT('',#5274);
#1407=VERTEX_POINT('',#5278);
#1408=VERTEX_POINT('',#5280);
#1409=VERTEX_POINT('',#5288);
#1410=VERTEX_POINT('',#5289);
#1411=VERTEX_POINT('',#5291);
#1412=VERTEX_POINT('',#5293);
#1413=VERTEX_POINT('',#5295);
#1414=VERTEX_POINT('',#5297);
#1415=VERTEX_POINT('',#5299);
#1416=VERTEX_POINT('',#5301);
#1417=EDGE_CURVE('',#1161,#1162,#645,.T.);
#1418=EDGE_CURVE('',#1162,#1163,#646,.T.);
#1419=EDGE_CURVE('',#1163,#1164,#647,.T.);
#1420=EDGE_CURVE('',#1164,#1161,#648,.T.);
#1421=EDGE_CURVE('',#1161,#1165,#200,.T.);
#1422=EDGE_CURVE('',#1165,#1166,#649,.T.);
#1423=EDGE_CURVE('',#1166,#1162,#201,.T.);
#1424=EDGE_CURVE('',#1167,#1168,#650,.T.);
#1425=EDGE_CURVE('',#1168,#1166,#651,.T.);
#1426=EDGE_CURVE('',#1165,#1167,#652,.T.);
#1427=EDGE_CURVE('',#1167,#1169,#202,.T.);
#1428=EDGE_CURVE('',#1169,#1170,#653,.T.);
#1429=EDGE_CURVE('',#1170,#1168,#203,.T.);
#1430=EDGE_CURVE('',#1171,#1172,#654,.T.);
#1431=EDGE_CURVE('',#1172,#1170,#655,.T.);
#1432=EDGE_CURVE('',#1169,#1171,#656,.T.);
#1433=EDGE_CURVE('',#1171,#1173,#204,.T.);
#1434=EDGE_CURVE('',#1173,#1174,#657,.T.);
#1435=EDGE_CURVE('',#1174,#1172,#205,.T.);
#1436=EDGE_CURVE('',#1175,#1176,#658,.T.);
#1437=EDGE_CURVE('',#1176,#1174,#659,.T.);
#1438=EDGE_CURVE('',#1173,#1175,#660,.T.);
#1439=EDGE_CURVE('',#1175,#1164,#206,.T.);
#1440=EDGE_CURVE('',#1163,#1176,#207,.T.);
#1441=EDGE_CURVE('',#1167,#1177,#661,.T.);
#1442=EDGE_CURVE('',#1178,#1177,#662,.T.);
#1443=EDGE_CURVE('',#1178,#1179,#116,.T.);
#1444=EDGE_CURVE('',#1179,#1169,#663,.T.);
#1445=EDGE_CURVE('',#1180,#1165,#664,.T.);
#1446=EDGE_CURVE('',#1177,#1180,#665,.T.);
#1447=EDGE_CURVE('',#1161,#1181,#666,.T.);
#1448=EDGE_CURVE('',#1181,#1182,#117,.T.);
#1449=EDGE_CURVE('',#1180,#1182,#667,.T.);
#1450=EDGE_CURVE('',#1183,#1164,#668,.T.);
#1451=EDGE_CURVE('',#1181,#1183,#669,.T.);
#1452=EDGE_CURVE('',#1184,#1184,#208,.T.);
#1453=EDGE_CURVE('',#1185,#1185,#209,.T.);
#1454=EDGE_CURVE('',#1186,#1186,#210,.T.);
#1455=EDGE_CURVE('',#1187,#1187,#211,.F.);
#1456=EDGE_CURVE('',#1188,#1188,#212,.F.);
#1457=EDGE_CURVE('',#1189,#1189,#213,.T.);
#1458=EDGE_CURVE('',#1190,#1190,#214,.T.);
#1459=EDGE_CURVE('',#1191,#1191,#215,.F.);
#1460=EDGE_CURVE('',#1192,#1192,#216,.F.);
#1461=EDGE_CURVE('',#1193,#1193,#217,.F.);
#1462=EDGE_CURVE('',#1194,#1194,#218,.F.);
#1463=EDGE_CURVE('',#1195,#1195,#219,.F.);
#1464=EDGE_CURVE('',#1196,#1196,#220,.F.);
#1465=EDGE_CURVE('',#1197,#1197,#221,.F.);
#1466=EDGE_CURVE('',#1198,#1198,#222,.F.);
#1467=EDGE_CURVE('',#1199,#1199,#223,.F.);
#1468=EDGE_CURVE('',#1200,#1200,#224,.T.);
#1469=EDGE_CURVE('',#1201,#1201,#225,.F.);
#1470=EDGE_CURVE('',#1202,#1202,#39,.T.);
#1471=EDGE_CURVE('',#1202,#1203,#670,.T.);
#1472=EDGE_CURVE('',#1203,#1203,#40,.T.);
#1473=EDGE_CURVE('',#1204,#1205,#41,.T.);
#1474=EDGE_CURVE('',#1205,#1206,#671,.T.);
#1475=EDGE_CURVE('',#1206,#1207,#42,.F.);
#1476=EDGE_CURVE('',#1207,#1204,#672,.T.);
#1477=EDGE_CURVE('',#1208,#1205,#673,.T.);
#1478=EDGE_CURVE('',#1208,#1209,#674,.T.);
#1479=EDGE_CURVE('',#1206,#1209,#675,.T.);
#1480=EDGE_CURVE('',#1210,#1211,#226,.T.);
#1481=EDGE_CURVE('',#1210,#1212,#676,.T.);
#1482=EDGE_CURVE('',#1213,#1212,#227,.T.);
#1483=EDGE_CURVE('',#1213,#1214,#677,.T.);
#1484=EDGE_CURVE('',#1215,#1214,#228,.T.);
#1485=EDGE_CURVE('',#1215,#1216,#678,.T.);
#1486=EDGE_CURVE('',#1217,#1216,#229,.T.);
#1487=EDGE_CURVE('',#1217,#1211,#679,.T.);
#1488=EDGE_CURVE('',#1218,#1218,#230,.T.);
#1489=EDGE_CURVE('',#1219,#1219,#231,.T.);
#1490=EDGE_CURVE('',#1220,#1220,#232,.T.);
#1491=EDGE_CURVE('',#1221,#1221,#233,.T.);
#1492=EDGE_CURVE('',#1204,#1222,#680,.T.);
#1493=EDGE_CURVE('',#1222,#1223,#681,.T.);
#1494=EDGE_CURVE('',#1223,#1224,#682,.T.);
#1495=EDGE_CURVE('',#1225,#1224,#43,.T.);
#1496=EDGE_CURVE('',#1225,#1226,#683,.T.);
#1497=EDGE_CURVE('',#1226,#1227,#684,.T.);
#1498=EDGE_CURVE('',#1227,#1228,#685,.T.);
#1499=EDGE_CURVE('',#1229,#1228,#44,.T.);
#1500=EDGE_CURVE('',#1229,#1230,#686,.T.);
#1501=EDGE_CURVE('',#1230,#1231,#687,.T.);
#1502=EDGE_CURVE('',#1231,#1232,#688,.T.);
#1503=EDGE_CURVE('',#1233,#1232,#45,.T.);
#1504=EDGE_CURVE('',#1233,#1234,#689,.T.);
#1505=EDGE_CURVE('',#1234,#1208,#690,.T.);
#1506=EDGE_CURVE('',#1224,#1235,#691,.T.);
#1507=EDGE_CURVE('',#1235,#1236,#46,.F.);
#1508=EDGE_CURVE('',#1236,#1225,#692,.T.);
#1509=EDGE_CURVE('',#1223,#1237,#693,.T.);
#1510=EDGE_CURVE('',#1235,#1237,#694,.T.);
#1511=EDGE_CURVE('',#1238,#1239,#47,.F.);
#1512=EDGE_CURVE('',#1239,#1233,#695,.T.);
#1513=EDGE_CURVE('',#1232,#1238,#696,.T.);
#1514=EDGE_CURVE('',#1231,#1240,#697,.T.);
#1515=EDGE_CURVE('',#1238,#1240,#698,.T.);
#1516=EDGE_CURVE('',#1241,#1242,#48,.F.);
#1517=EDGE_CURVE('',#1242,#1229,#699,.T.);
#1518=EDGE_CURVE('',#1228,#1241,#700,.T.);
#1519=EDGE_CURVE('',#1227,#1243,#701,.T.);
#1520=EDGE_CURVE('',#1241,#1243,#702,.T.);
#1521=EDGE_CURVE('',#1244,#1244,#49,.T.);
#1522=EDGE_CURVE('',#1244,#1245,#703,.T.);
#1523=EDGE_CURVE('',#1245,#1245,#50,.T.);
#1524=EDGE_CURVE('',#1246,#1246,#51,.T.);
#1525=EDGE_CURVE('',#1246,#1247,#704,.T.);
#1526=EDGE_CURVE('',#1247,#1247,#52,.T.);
#1527=EDGE_CURVE('',#1248,#1248,#53,.T.);
#1528=EDGE_CURVE('',#1248,#1249,#705,.T.);
#1529=EDGE_CURVE('',#1249,#1249,#54,.T.);
#1530=EDGE_CURVE('',#1250,#1251,#706,.T.);
#1531=EDGE_CURVE('',#1250,#1252,#707,.T.);
#1532=EDGE_CURVE('',#1253,#1252,#708,.T.);
#1533=EDGE_CURVE('',#1251,#1253,#709,.T.);
#1534=EDGE_CURVE('',#1251,#1254,#55,.T.);
#1535=EDGE_CURVE('',#1255,#1253,#56,.T.);
#1536=EDGE_CURVE('',#1254,#1255,#710,.T.);
#1537=EDGE_CURVE('',#1254,#1256,#711,.T.);
#1538=EDGE_CURVE('',#1257,#1255,#712,.T.);
#1539=EDGE_CURVE('',#1257,#1256,#713,.T.);
#1540=EDGE_CURVE('',#1256,#1250,#57,.T.);
#1541=EDGE_CURVE('',#1252,#1257,#58,.T.);
#1542=EDGE_CURVE('',#1211,#1258,#714,.T.);
#1543=EDGE_CURVE('',#1258,#1259,#715,.T.);
#1544=EDGE_CURVE('',#1259,#1260,#118,.T.);
#1545=EDGE_CURVE('',#1260,#1210,#716,.T.);
#1546=EDGE_CURVE('',#1259,#1182,#717,.T.);
#1547=EDGE_CURVE('',#1181,#1260,#718,.T.);
#1548=EDGE_CURVE('',#1261,#1258,#719,.T.);
#1549=EDGE_CURVE('',#1262,#1261,#720,.T.);
#1550=EDGE_CURVE('',#1178,#1262,#721,.T.);
#1551=EDGE_CURVE('',#1212,#1263,#722,.T.);
#1552=EDGE_CURVE('',#1263,#1264,#119,.T.);
#1553=EDGE_CURVE('',#1264,#1265,#723,.T.);
#1554=EDGE_CURVE('',#1265,#1213,#724,.T.);
#1555=EDGE_CURVE('',#1175,#1266,#725,.T.);
#1556=EDGE_CURVE('',#1267,#1266,#726,.T.);
#1557=EDGE_CURVE('',#1267,#1183,#120,.T.);
#1558=EDGE_CURVE('',#1267,#1264,#727,.T.);
#1559=EDGE_CURVE('',#1263,#1183,#728,.T.);
#1560=EDGE_CURVE('',#1266,#1268,#729,.T.);
#1561=EDGE_CURVE('',#1268,#1269,#730,.T.);
#1562=EDGE_CURVE('',#1270,#1269,#731,.T.);
#1563=EDGE_CURVE('',#1271,#1270,#732,.T.);
#1564=EDGE_CURVE('',#1265,#1271,#733,.T.);
#1565=EDGE_CURVE('',#1268,#1173,#734,.T.);
#1566=EDGE_CURVE('',#1171,#1272,#735,.T.);
#1567=EDGE_CURVE('',#1272,#1269,#121,.T.);
#1568=EDGE_CURVE('',#1214,#1271,#736,.T.);
#1569=EDGE_CURVE('',#1270,#1273,#122,.T.);
#1570=EDGE_CURVE('',#1273,#1215,#737,.T.);
#1571=EDGE_CURVE('',#1272,#1273,#738,.T.);
#1572=EDGE_CURVE('',#1274,#1273,#739,.T.);
#1573=EDGE_CURVE('',#1216,#1274,#740,.T.);
#1574=EDGE_CURVE('',#1274,#1262,#123,.T.);
#1575=EDGE_CURVE('',#1261,#1217,#741,.T.);
#1576=EDGE_CURVE('',#1274,#1179,#742,.T.);
#1577=EDGE_CURVE('',#1272,#1179,#743,.T.);
#1578=EDGE_CURVE('',#1218,#1275,#744,.T.);
#1579=EDGE_CURVE('',#1275,#1275,#234,.T.);
#1580=EDGE_CURVE('',#1219,#1276,#745,.T.);
#1581=EDGE_CURVE('',#1276,#1276,#235,.T.);
#1582=EDGE_CURVE('',#1220,#1277,#746,.T.);
#1583=EDGE_CURVE('',#1277,#1277,#236,.T.);
#1584=EDGE_CURVE('',#1221,#1278,#747,.T.);
#1585=EDGE_CURVE('',#1278,#1278,#237,.T.);
#1586=EDGE_CURVE('',#1240,#1279,#748,.T.);
#1587=EDGE_CURVE('',#1279,#1242,#749,.T.);
#1588=EDGE_CURVE('',#1243,#1280,#750,.T.);
#1589=EDGE_CURVE('',#1280,#1236,#751,.T.);
#1590=EDGE_CURVE('',#1237,#1281,#752,.T.);
#1591=EDGE_CURVE('',#1281,#1207,#753,.T.);
#1592=EDGE_CURVE('',#1209,#1282,#754,.T.);
#1593=EDGE_CURVE('',#1282,#1239,#755,.T.);
#1594=EDGE_CURVE('',#1283,#1283,#238,.T.);
#1595=EDGE_CURVE('',#1284,#1284,#239,.T.);
#1596=EDGE_CURVE('',#1285,#1285,#240,.T.);
#1597=EDGE_CURVE('',#1286,#1286,#241,.T.);
#1598=EDGE_CURVE('',#1287,#1287,#242,.F.);
#1599=EDGE_CURVE('',#1288,#1288,#243,.F.);
#1600=EDGE_CURVE('',#1289,#1289,#244,.T.);
#1601=EDGE_CURVE('',#1290,#1290,#245,.F.);
#1602=EDGE_CURVE('',#1291,#1291,#246,.F.);
#1603=EDGE_CURVE('',#1292,#1292,#247,.F.);
#1604=EDGE_CURVE('',#1293,#1293,#248,.F.);
#1605=EDGE_CURVE('',#1294,#1294,#249,.F.);
#1606=EDGE_CURVE('',#1295,#1295,#250,.F.);
#1607=EDGE_CURVE('',#1296,#1296,#251,.F.);
#1608=EDGE_CURVE('',#1297,#1297,#252,.F.);
#1609=EDGE_CURVE('',#1298,#1298,#253,.F.);
#1610=EDGE_CURVE('',#1299,#1299,#254,.T.);
#1611=EDGE_CURVE('',#1300,#1300,#255,.F.);
#1612=EDGE_CURVE('',#1230,#1279,#756,.T.);
#1613=EDGE_CURVE('',#1226,#1280,#757,.T.);
#1614=EDGE_CURVE('',#1222,#1281,#758,.T.);
#1615=EDGE_CURVE('',#1234,#1282,#759,.T.);
#1616=EDGE_CURVE('',#1263,#1260,#760,.T.);
#1617=EDGE_CURVE('',#1300,#1201,#761,.T.);
#1618=EDGE_CURVE('',#1299,#1200,#762,.T.);
#1619=EDGE_CURVE('',#1298,#1199,#763,.T.);
#1620=EDGE_CURVE('',#1297,#1198,#764,.T.);
#1621=EDGE_CURVE('',#1296,#1197,#765,.T.);
#1622=EDGE_CURVE('',#1295,#1196,#766,.T.);
#1623=EDGE_CURVE('',#1294,#1195,#767,.T.);
#1624=EDGE_CURVE('',#1293,#1194,#768,.T.);
#1625=EDGE_CURVE('',#1292,#1193,#769,.T.);
#1626=EDGE_CURVE('',#1291,#1192,#770,.T.);
#1627=EDGE_CURVE('',#1290,#1191,#771,.T.);
#1628=EDGE_CURVE('',#1283,#1190,#772,.T.);
#1629=EDGE_CURVE('',#1289,#1189,#773,.T.);
#1630=EDGE_CURVE('',#1288,#1188,#774,.T.);
#1631=EDGE_CURVE('',#1287,#1187,#775,.T.);
#1632=EDGE_CURVE('',#1286,#1186,#776,.T.);
#1633=EDGE_CURVE('',#1285,#1185,#777,.T.);
#1634=EDGE_CURVE('',#1284,#1184,#778,.T.);
#1635=EDGE_CURVE('',#1301,#1302,#25,.T.);
#1636=EDGE_CURVE('',#1302,#1303,#256,.T.);
#1637=EDGE_CURVE('',#1303,#1304,#26,.T.);
#1638=EDGE_CURVE('',#1304,#1305,#779,.T.);
#1639=EDGE_CURVE('',#1305,#1305,#257,.T.);
#1640=EDGE_CURVE('',#1304,#1306,#27,.T.);
#1641=EDGE_CURVE('',#1306,#1301,#124,.T.);
#1642=EDGE_CURVE('',#1307,#1306,#780,.T.);
#1643=EDGE_CURVE('',#1307,#1308,#258,.T.);
#1644=EDGE_CURVE('',#1308,#1301,#781,.T.);
#1645=EDGE_CURVE('',#1303,#1309,#782,.T.);
#1646=EDGE_CURVE('',#1310,#1309,#28,.T.);
#1647=EDGE_CURVE('',#1311,#1310,#29,.T.);
#1648=EDGE_CURVE('',#1312,#1311,#783,.T.);
#1649=EDGE_CURVE('',#1312,#1307,#784,.T.);
#1650=EDGE_CURVE('',#1305,#1313,#785,.T.);
#1651=EDGE_CURVE('',#1313,#1313,#259,.F.);
#1652=EDGE_CURVE('',#1314,#1315,#30,.T.);
#1653=EDGE_CURVE('',#1315,#1316,#260,.T.);
#1654=EDGE_CURVE('',#1316,#1317,#786,.T.);
#1655=EDGE_CURVE('',#1317,#1317,#261,.T.);
#1656=EDGE_CURVE('',#1316,#1318,#262,.T.);
#1657=EDGE_CURVE('',#1318,#1319,#31,.T.);
#1658=EDGE_CURVE('',#1319,#1314,#125,.T.);
#1659=EDGE_CURVE('',#1314,#1320,#787,.T.);
#1660=EDGE_CURVE('',#1320,#1321,#788,.T.);
#1661=EDGE_CURVE('',#1321,#1322,#789,.T.);
#1662=EDGE_CURVE('',#1323,#1322,#32,.T.);
#1663=EDGE_CURVE('',#1323,#1315,#790,.T.);
#1664=EDGE_CURVE('',#1324,#1319,#791,.T.);
#1665=EDGE_CURVE('',#1324,#1320,#263,.T.);
#1666=EDGE_CURVE('',#1308,#1324,#792,.T.);
#1667=EDGE_CURVE('',#1318,#1302,#793,.T.);
#1668=EDGE_CURVE('',#1317,#1325,#794,.T.);
#1669=EDGE_CURVE('',#1325,#1325,#264,.F.);
#1670=EDGE_CURVE('',#1310,#1326,#795,.T.);
#1671=EDGE_CURVE('',#1326,#1326,#265,.T.);
#1672=EDGE_CURVE('',#1309,#1327,#266,.T.);
#1673=EDGE_CURVE('',#1327,#1328,#33,.T.);
#1674=EDGE_CURVE('',#1328,#1311,#126,.T.);
#1675=EDGE_CURVE('',#1329,#1328,#796,.T.);
#1676=EDGE_CURVE('',#1329,#1312,#267,.T.);
#1677=EDGE_CURVE('',#1327,#1330,#797,.T.);
#1678=EDGE_CURVE('',#1331,#1330,#34,.T.);
#1679=EDGE_CURVE('',#1332,#1331,#798,.T.);
#1680=EDGE_CURVE('',#1332,#1329,#799,.T.);
#1681=EDGE_CURVE('',#1326,#1333,#800,.T.);
#1682=EDGE_CURVE('',#1333,#1333,#268,.F.);
#1683=EDGE_CURVE('',#1330,#1334,#269,.T.);
#1684=EDGE_CURVE('',#1334,#1335,#801,.T.);
#1685=EDGE_CURVE('',#1335,#1335,#270,.T.);
#1686=EDGE_CURVE('',#1334,#1323,#271,.T.);
#1687=EDGE_CURVE('',#1322,#1331,#127,.T.);
#1688=EDGE_CURVE('',#1321,#1332,#272,.T.);
#1689=EDGE_CURVE('',#1335,#1336,#802,.T.);
#1690=EDGE_CURVE('',#1336,#1336,#273,.F.);
#1691=EDGE_CURVE('',#1337,#1338,#128,.T.);
#1692=EDGE_CURVE('',#1338,#1339,#803,.T.);
#1693=EDGE_CURVE('',#1339,#1340,#129,.T.);
#1694=EDGE_CURVE('',#1337,#1340,#804,.T.);
#1695=EDGE_CURVE('',#1341,#1342,#130,.T.);
#1696=EDGE_CURVE('',#1342,#1343,#805,.T.);
#1697=EDGE_CURVE('',#1343,#1344,#131,.T.);
#1698=EDGE_CURVE('',#1341,#1344,#806,.T.);
#1699=EDGE_CURVE('',#1345,#1346,#132,.T.);
#1700=EDGE_CURVE('',#1346,#1347,#807,.T.);
#1701=EDGE_CURVE('',#1347,#1348,#133,.T.);
#1702=EDGE_CURVE('',#1345,#1348,#808,.T.);
#1703=EDGE_CURVE('',#1349,#1350,#134,.T.);
#1704=EDGE_CURVE('',#1350,#1351,#809,.T.);
#1705=EDGE_CURVE('',#1351,#1352,#135,.T.);
#1706=EDGE_CURVE('',#1349,#1352,#810,.T.);
#1707=EDGE_CURVE('',#1344,#1353,#811,.T.);
#1708=EDGE_CURVE('',#1354,#1343,#812,.T.);
#1709=EDGE_CURVE('',#1355,#1354,#813,.T.);
#1710=EDGE_CURVE('',#1340,#1355,#814,.T.);
#1711=EDGE_CURVE('',#1356,#1339,#815,.T.);
#1712=EDGE_CURVE('',#1357,#1356,#816,.T.);
#1713=EDGE_CURVE('',#1348,#1357,#817,.T.);
#1714=EDGE_CURVE('',#1358,#1347,#818,.T.);
#1715=EDGE_CURVE('',#1359,#1358,#819,.T.);
#1716=EDGE_CURVE('',#1352,#1359,#820,.T.);
#1717=EDGE_CURVE('',#1360,#1351,#821,.T.);
#1718=EDGE_CURVE('',#1353,#1360,#822,.T.);
#1719=EDGE_CURVE('',#1360,#1361,#823,.T.);
#1720=EDGE_CURVE('',#1362,#1361,#824,.T.);
#1721=EDGE_CURVE('',#1362,#1353,#825,.T.);
#1722=EDGE_CURVE('',#1363,#1362,#826,.T.);
#1723=EDGE_CURVE('',#1341,#1363,#827,.T.);
#1724=EDGE_CURVE('',#1364,#1363,#136,.T.);
#1725=EDGE_CURVE('',#1342,#1364,#828,.T.);
#1726=EDGE_CURVE('',#1365,#1364,#829,.T.);
#1727=EDGE_CURVE('',#1365,#1354,#830,.T.);
#1728=EDGE_CURVE('',#1366,#1365,#831,.T.);
#1729=EDGE_CURVE('',#1366,#1355,#832,.T.);
#1730=EDGE_CURVE('',#1367,#1366,#833,.T.);
#1731=EDGE_CURVE('',#1337,#1367,#834,.T.);
#1732=EDGE_CURVE('',#1368,#1367,#137,.T.);
#1733=EDGE_CURVE('',#1338,#1368,#835,.T.);
#1734=EDGE_CURVE('',#1369,#1368,#836,.T.);
#1735=EDGE_CURVE('',#1369,#1356,#837,.T.);
#1736=EDGE_CURVE('',#1370,#1369,#838,.T.);
#1737=EDGE_CURVE('',#1370,#1357,#839,.T.);
#1738=EDGE_CURVE('',#1371,#1370,#840,.T.);
#1739=EDGE_CURVE('',#1345,#1371,#841,.T.);
#1740=EDGE_CURVE('',#1372,#1371,#138,.T.);
#1741=EDGE_CURVE('',#1346,#1372,#842,.T.);
#1742=EDGE_CURVE('',#1373,#1372,#843,.T.);
#1743=EDGE_CURVE('',#1373,#1358,#844,.T.);
#1744=EDGE_CURVE('',#1374,#1373,#845,.T.);
#1745=EDGE_CURVE('',#1374,#1359,#846,.T.);
#1746=EDGE_CURVE('',#1375,#1374,#847,.T.);
#1747=EDGE_CURVE('',#1349,#1375,#848,.T.);
#1748=EDGE_CURVE('',#1376,#1375,#139,.T.);
#1749=EDGE_CURVE('',#1350,#1376,#849,.T.);
#1750=EDGE_CURVE('',#1361,#1376,#850,.T.);
#1751=EDGE_CURVE('',#1377,#1378,#140,.T.);
#1752=EDGE_CURVE('',#1377,#1379,#851,.T.);
#1753=EDGE_CURVE('',#1380,#1379,#141,.T.);
#1754=EDGE_CURVE('',#1378,#1380,#852,.T.);
#1755=EDGE_CURVE('',#1378,#1381,#853,.T.);
#1756=EDGE_CURVE('',#1382,#1380,#854,.T.);
#1757=EDGE_CURVE('',#1381,#1382,#855,.T.);
#1758=EDGE_CURVE('',#1381,#1383,#856,.T.);
#1759=EDGE_CURVE('',#1384,#1382,#857,.T.);
#1760=EDGE_CURVE('',#1383,#1384,#858,.T.);
#1761=EDGE_CURVE('',#1383,#1385,#859,.T.);
#1762=EDGE_CURVE('',#1386,#1384,#860,.T.);
#1763=EDGE_CURVE('',#1385,#1386,#861,.T.);
#1764=EDGE_CURVE('',#1385,#1387,#142,.T.);
#1765=EDGE_CURVE('',#1388,#1386,#143,.T.);
#1766=EDGE_CURVE('',#1387,#1388,#862,.T.);
#1767=EDGE_CURVE('',#1387,#1389,#863,.T.);
#1768=EDGE_CURVE('',#1390,#1388,#864,.T.);
#1769=EDGE_CURVE('',#1389,#1390,#865,.T.);
#1770=EDGE_CURVE('',#1389,#1391,#866,.T.);
#1771=EDGE_CURVE('',#1392,#1390,#867,.T.);
#1772=EDGE_CURVE('',#1391,#1392,#868,.T.);
#1773=EDGE_CURVE('',#1391,#1393,#869,.T.);
#1774=EDGE_CURVE('',#1394,#1392,#870,.T.);
#1775=EDGE_CURVE('',#1393,#1394,#871,.T.);
#1776=EDGE_CURVE('',#1393,#1395,#144,.T.);
#1777=EDGE_CURVE('',#1396,#1394,#145,.T.);
#1778=EDGE_CURVE('',#1395,#1396,#872,.T.);
#1779=EDGE_CURVE('',#1395,#1397,#873,.T.);
#1780=EDGE_CURVE('',#1398,#1396,#874,.T.);
#1781=EDGE_CURVE('',#1397,#1398,#875,.T.);
#1782=EDGE_CURVE('',#1397,#1399,#876,.T.);
#1783=EDGE_CURVE('',#1400,#1398,#877,.T.);
#1784=EDGE_CURVE('',#1399,#1400,#878,.T.);
#1785=EDGE_CURVE('',#1399,#1401,#879,.T.);
#1786=EDGE_CURVE('',#1402,#1400,#880,.T.);
#1787=EDGE_CURVE('',#1401,#1402,#881,.T.);
#1788=EDGE_CURVE('',#1401,#1403,#146,.T.);
#1789=EDGE_CURVE('',#1404,#1402,#147,.T.);
#1790=EDGE_CURVE('',#1403,#1404,#882,.T.);
#1791=EDGE_CURVE('',#1403,#1405,#883,.T.);
#1792=EDGE_CURVE('',#1406,#1404,#884,.T.);
#1793=EDGE_CURVE('',#1405,#1406,#885,.T.);
#1794=EDGE_CURVE('',#1405,#1407,#886,.T.);
#1795=EDGE_CURVE('',#1408,#1406,#887,.T.);
#1796=EDGE_CURVE('',#1407,#1408,#888,.T.);
#1797=EDGE_CURVE('',#1407,#1377,#889,.T.);
#1798=EDGE_CURVE('',#1379,#1408,#890,.T.);
#1799=EDGE_CURVE('',#1409,#1410,#891,.T.);
#1800=EDGE_CURVE('',#1411,#1409,#274,.T.);
#1801=EDGE_CURVE('',#1412,#1411,#892,.T.);
#1802=EDGE_CURVE('',#1413,#1412,#275,.T.);
#1803=EDGE_CURVE('',#1414,#1413,#893,.T.);
#1804=EDGE_CURVE('',#1415,#1414,#276,.T.);
#1805=EDGE_CURVE('',#1416,#1415,#894,.T.);
#1806=EDGE_CURVE('',#1410,#1416,#277,.T.);
#1807=EDGE_CURVE('',#1415,#1329,#895,.T.);
#1808=EDGE_CURVE('',#1414,#1312,#896,.T.);
#1809=EDGE_CURVE('',#1416,#1332,#897,.T.);
#1810=EDGE_CURVE('',#1410,#1321,#898,.T.);
#1811=EDGE_CURVE('',#1409,#1320,#899,.T.);
#1812=EDGE_CURVE('',#1411,#1324,#900,.T.);
#1813=EDGE_CURVE('',#1412,#1308,#901,.T.);
#1814=EDGE_CURVE('',#1413,#1307,#902,.T.);
#1815=ORIENTED_EDGE('',*,*,#1417,.T.);
#1816=ORIENTED_EDGE('',*,*,#1418,.T.);
#1817=ORIENTED_EDGE('',*,*,#1419,.T.);
#1818=ORIENTED_EDGE('',*,*,#1420,.T.);
#1819=ORIENTED_EDGE('',*,*,#1417,.F.);
#1820=ORIENTED_EDGE('',*,*,#1421,.T.);
#1821=ORIENTED_EDGE('',*,*,#1422,.T.);
#1822=ORIENTED_EDGE('',*,*,#1423,.T.);
#1823=ORIENTED_EDGE('',*,*,#1424,.T.);
#1824=ORIENTED_EDGE('',*,*,#1425,.T.);
#1825=ORIENTED_EDGE('',*,*,#1422,.F.);
#1826=ORIENTED_EDGE('',*,*,#1426,.T.);
#1827=ORIENTED_EDGE('',*,*,#1424,.F.);
#1828=ORIENTED_EDGE('',*,*,#1427,.T.);
#1829=ORIENTED_EDGE('',*,*,#1428,.T.);
#1830=ORIENTED_EDGE('',*,*,#1429,.T.);
#1831=ORIENTED_EDGE('',*,*,#1430,.T.);
#1832=ORIENTED_EDGE('',*,*,#1431,.T.);
#1833=ORIENTED_EDGE('',*,*,#1428,.F.);
#1834=ORIENTED_EDGE('',*,*,#1432,.T.);
#1835=ORIENTED_EDGE('',*,*,#1430,.F.);
#1836=ORIENTED_EDGE('',*,*,#1433,.T.);
#1837=ORIENTED_EDGE('',*,*,#1434,.T.);
#1838=ORIENTED_EDGE('',*,*,#1435,.T.);
#1839=ORIENTED_EDGE('',*,*,#1436,.T.);
#1840=ORIENTED_EDGE('',*,*,#1437,.T.);
#1841=ORIENTED_EDGE('',*,*,#1434,.F.);
#1842=ORIENTED_EDGE('',*,*,#1438,.T.);
#1843=ORIENTED_EDGE('',*,*,#1436,.F.);
#1844=ORIENTED_EDGE('',*,*,#1439,.T.);
#1845=ORIENTED_EDGE('',*,*,#1419,.F.);
#1846=ORIENTED_EDGE('',*,*,#1440,.T.);
#1847=ORIENTED_EDGE('',*,*,#1427,.F.);
#1848=ORIENTED_EDGE('',*,*,#1441,.T.);
#1849=ORIENTED_EDGE('',*,*,#1442,.F.);
#1850=ORIENTED_EDGE('',*,*,#1443,.T.);
#1851=ORIENTED_EDGE('',*,*,#1444,.T.);
#1852=ORIENTED_EDGE('',*,*,#1426,.F.);
#1853=ORIENTED_EDGE('',*,*,#1445,.F.);
#1854=ORIENTED_EDGE('',*,*,#1446,.F.);
#1855=ORIENTED_EDGE('',*,*,#1441,.F.);
#1856=ORIENTED_EDGE('',*,*,#1421,.F.);
#1857=ORIENTED_EDGE('',*,*,#1447,.T.);
#1858=ORIENTED_EDGE('',*,*,#1448,.T.);
#1859=ORIENTED_EDGE('',*,*,#1449,.F.);
#1860=ORIENTED_EDGE('',*,*,#1445,.T.);
#1861=ORIENTED_EDGE('',*,*,#1420,.F.);
#1862=ORIENTED_EDGE('',*,*,#1450,.F.);
#1863=ORIENTED_EDGE('',*,*,#1451,.F.);
#1864=ORIENTED_EDGE('',*,*,#1447,.F.);
#1865=ORIENTED_EDGE('',*,*,#1418,.F.);
#1866=ORIENTED_EDGE('',*,*,#1423,.F.);
#1867=ORIENTED_EDGE('',*,*,#1425,.F.);
#1868=ORIENTED_EDGE('',*,*,#1429,.F.);
#1869=ORIENTED_EDGE('',*,*,#1431,.F.);
#1870=ORIENTED_EDGE('',*,*,#1435,.F.);
#1871=ORIENTED_EDGE('',*,*,#1437,.F.);
#1872=ORIENTED_EDGE('',*,*,#1440,.F.);
#1873=ORIENTED_EDGE('',*,*,#1452,.T.);
#1874=ORIENTED_EDGE('',*,*,#1453,.T.);
#1875=ORIENTED_EDGE('',*,*,#1454,.T.);
#1876=ORIENTED_EDGE('',*,*,#1455,.T.);
#1877=ORIENTED_EDGE('',*,*,#1456,.T.);
#1878=ORIENTED_EDGE('',*,*,#1457,.T.);
#1879=ORIENTED_EDGE('',*,*,#1458,.T.);
#1880=ORIENTED_EDGE('',*,*,#1459,.T.);
#1881=ORIENTED_EDGE('',*,*,#1460,.T.);
#1882=ORIENTED_EDGE('',*,*,#1461,.T.);
#1883=ORIENTED_EDGE('',*,*,#1462,.T.);
#1884=ORIENTED_EDGE('',*,*,#1463,.T.);
#1885=ORIENTED_EDGE('',*,*,#1464,.T.);
#1886=ORIENTED_EDGE('',*,*,#1465,.T.);
#1887=ORIENTED_EDGE('',*,*,#1466,.T.);
#1888=ORIENTED_EDGE('',*,*,#1467,.T.);
#1889=ORIENTED_EDGE('',*,*,#1468,.T.);
#1890=ORIENTED_EDGE('',*,*,#1469,.T.);
#1891=ORIENTED_EDGE('',*,*,#1470,.F.);
#1892=ORIENTED_EDGE('',*,*,#1471,.T.);
#1893=ORIENTED_EDGE('',*,*,#1472,.F.);
#1894=ORIENTED_EDGE('',*,*,#1471,.F.);
#1895=ORIENTED_EDGE('',*,*,#1473,.T.);
#1896=ORIENTED_EDGE('',*,*,#1474,.T.);
#1897=ORIENTED_EDGE('',*,*,#1475,.T.);
#1898=ORIENTED_EDGE('',*,*,#1476,.T.);
#1899=ORIENTED_EDGE('',*,*,#1474,.F.);
#1900=ORIENTED_EDGE('',*,*,#1477,.F.);
#1901=ORIENTED_EDGE('',*,*,#1478,.T.);
#1902=ORIENTED_EDGE('',*,*,#1479,.F.);
#1903=ORIENTED_EDGE('',*,*,#1480,.F.);
#1904=ORIENTED_EDGE('',*,*,#1481,.T.);
#1905=ORIENTED_EDGE('',*,*,#1482,.F.);
#1906=ORIENTED_EDGE('',*,*,#1483,.T.);
#1907=ORIENTED_EDGE('',*,*,#1484,.F.);
#1908=ORIENTED_EDGE('',*,*,#1485,.T.);
#1909=ORIENTED_EDGE('',*,*,#1486,.F.);
#1910=ORIENTED_EDGE('',*,*,#1487,.T.);
#1911=ORIENTED_EDGE('',*,*,#1488,.T.);
#1912=ORIENTED_EDGE('',*,*,#1489,.T.);
#1913=ORIENTED_EDGE('',*,*,#1490,.T.);
#1914=ORIENTED_EDGE('',*,*,#1491,.T.);
#1915=ORIENTED_EDGE('',*,*,#1473,.F.);
#1916=ORIENTED_EDGE('',*,*,#1492,.T.);
#1917=ORIENTED_EDGE('',*,*,#1493,.T.);
#1918=ORIENTED_EDGE('',*,*,#1494,.T.);
#1919=ORIENTED_EDGE('',*,*,#1495,.F.);
#1920=ORIENTED_EDGE('',*,*,#1496,.T.);
#1921=ORIENTED_EDGE('',*,*,#1497,.T.);
#1922=ORIENTED_EDGE('',*,*,#1498,.T.);
#1923=ORIENTED_EDGE('',*,*,#1499,.F.);
#1924=ORIENTED_EDGE('',*,*,#1500,.T.);
#1925=ORIENTED_EDGE('',*,*,#1501,.T.);
#1926=ORIENTED_EDGE('',*,*,#1502,.T.);
#1927=ORIENTED_EDGE('',*,*,#1503,.F.);
#1928=ORIENTED_EDGE('',*,*,#1504,.T.);
#1929=ORIENTED_EDGE('',*,*,#1505,.T.);
#1930=ORIENTED_EDGE('',*,*,#1477,.T.);
#1931=ORIENTED_EDGE('',*,*,#1495,.T.);
#1932=ORIENTED_EDGE('',*,*,#1506,.T.);
#1933=ORIENTED_EDGE('',*,*,#1507,.T.);
#1934=ORIENTED_EDGE('',*,*,#1508,.T.);
#1935=ORIENTED_EDGE('',*,*,#1506,.F.);
#1936=ORIENTED_EDGE('',*,*,#1494,.F.);
#1937=ORIENTED_EDGE('',*,*,#1509,.T.);
#1938=ORIENTED_EDGE('',*,*,#1510,.F.);
#1939=ORIENTED_EDGE('',*,*,#1511,.T.);
#1940=ORIENTED_EDGE('',*,*,#1512,.T.);
#1941=ORIENTED_EDGE('',*,*,#1503,.T.);
#1942=ORIENTED_EDGE('',*,*,#1513,.T.);
#1943=ORIENTED_EDGE('',*,*,#1513,.F.);
#1944=ORIENTED_EDGE('',*,*,#1502,.F.);
#1945=ORIENTED_EDGE('',*,*,#1514,.T.);
#1946=ORIENTED_EDGE('',*,*,#1515,.F.);
#1947=ORIENTED_EDGE('',*,*,#1516,.T.);
#1948=ORIENTED_EDGE('',*,*,#1517,.T.);
#1949=ORIENTED_EDGE('',*,*,#1499,.T.);
#1950=ORIENTED_EDGE('',*,*,#1518,.T.);
#1951=ORIENTED_EDGE('',*,*,#1518,.F.);
#1952=ORIENTED_EDGE('',*,*,#1498,.F.);
#1953=ORIENTED_EDGE('',*,*,#1519,.T.);
#1954=ORIENTED_EDGE('',*,*,#1520,.F.);
#1955=ORIENTED_EDGE('',*,*,#1521,.F.);
#1956=ORIENTED_EDGE('',*,*,#1522,.T.);
#1957=ORIENTED_EDGE('',*,*,#1523,.F.);
#1958=ORIENTED_EDGE('',*,*,#1522,.F.);
#1959=ORIENTED_EDGE('',*,*,#1524,.F.);
#1960=ORIENTED_EDGE('',*,*,#1525,.T.);
#1961=ORIENTED_EDGE('',*,*,#1526,.F.);
#1962=ORIENTED_EDGE('',*,*,#1525,.F.);
#1963=ORIENTED_EDGE('',*,*,#1527,.F.);
#1964=ORIENTED_EDGE('',*,*,#1528,.T.);
#1965=ORIENTED_EDGE('',*,*,#1529,.F.);
#1966=ORIENTED_EDGE('',*,*,#1528,.F.);
#1967=ORIENTED_EDGE('',*,*,#1530,.F.);
#1968=ORIENTED_EDGE('',*,*,#1531,.T.);
#1969=ORIENTED_EDGE('',*,*,#1532,.F.);
#1970=ORIENTED_EDGE('',*,*,#1533,.F.);
#1971=ORIENTED_EDGE('',*,*,#1534,.F.);
#1972=ORIENTED_EDGE('',*,*,#1533,.T.);
#1973=ORIENTED_EDGE('',*,*,#1535,.F.);
#1974=ORIENTED_EDGE('',*,*,#1536,.F.);
#1975=ORIENTED_EDGE('',*,*,#1537,.F.);
#1976=ORIENTED_EDGE('',*,*,#1536,.T.);
#1977=ORIENTED_EDGE('',*,*,#1538,.F.);
#1978=ORIENTED_EDGE('',*,*,#1539,.T.);
#1979=ORIENTED_EDGE('',*,*,#1540,.F.);
#1980=ORIENTED_EDGE('',*,*,#1539,.F.);
#1981=ORIENTED_EDGE('',*,*,#1541,.F.);
#1982=ORIENTED_EDGE('',*,*,#1531,.F.);
#1983=ORIENTED_EDGE('',*,*,#1480,.T.);
#1984=ORIENTED_EDGE('',*,*,#1542,.T.);
#1985=ORIENTED_EDGE('',*,*,#1543,.T.);
#1986=ORIENTED_EDGE('',*,*,#1544,.T.);
#1987=ORIENTED_EDGE('',*,*,#1545,.T.);
#1988=ORIENTED_EDGE('',*,*,#1546,.T.);
#1989=ORIENTED_EDGE('',*,*,#1448,.F.);
#1990=ORIENTED_EDGE('',*,*,#1547,.T.);
#1991=ORIENTED_EDGE('',*,*,#1544,.F.);
#1992=ORIENTED_EDGE('',*,*,#1546,.F.);
#1993=ORIENTED_EDGE('',*,*,#1543,.F.);
#1994=ORIENTED_EDGE('',*,*,#1548,.F.);
#1995=ORIENTED_EDGE('',*,*,#1549,.F.);
#1996=ORIENTED_EDGE('',*,*,#1550,.F.);
#1997=ORIENTED_EDGE('',*,*,#1442,.T.);
#1998=ORIENTED_EDGE('',*,*,#1446,.T.);
#1999=ORIENTED_EDGE('',*,*,#1449,.T.);
#2000=ORIENTED_EDGE('',*,*,#1472,.T.);
#2001=ORIENTED_EDGE('',*,*,#1537,.T.);
#2002=ORIENTED_EDGE('',*,*,#1540,.T.);
#2003=ORIENTED_EDGE('',*,*,#1530,.T.);
#2004=ORIENTED_EDGE('',*,*,#1534,.T.);
#2005=ORIENTED_EDGE('',*,*,#1482,.T.);
#2006=ORIENTED_EDGE('',*,*,#1551,.T.);
#2007=ORIENTED_EDGE('',*,*,#1552,.T.);
#2008=ORIENTED_EDGE('',*,*,#1553,.T.);
#2009=ORIENTED_EDGE('',*,*,#1554,.T.);
#2010=ORIENTED_EDGE('',*,*,#1439,.F.);
#2011=ORIENTED_EDGE('',*,*,#1555,.T.);
#2012=ORIENTED_EDGE('',*,*,#1556,.F.);
#2013=ORIENTED_EDGE('',*,*,#1557,.T.);
#2014=ORIENTED_EDGE('',*,*,#1450,.T.);
#2015=ORIENTED_EDGE('',*,*,#1558,.T.);
#2016=ORIENTED_EDGE('',*,*,#1552,.F.);
#2017=ORIENTED_EDGE('',*,*,#1559,.T.);
#2018=ORIENTED_EDGE('',*,*,#1557,.F.);
#2019=ORIENTED_EDGE('',*,*,#1558,.F.);
#2020=ORIENTED_EDGE('',*,*,#1556,.T.);
#2021=ORIENTED_EDGE('',*,*,#1560,.T.);
#2022=ORIENTED_EDGE('',*,*,#1561,.T.);
#2023=ORIENTED_EDGE('',*,*,#1562,.F.);
#2024=ORIENTED_EDGE('',*,*,#1563,.F.);
#2025=ORIENTED_EDGE('',*,*,#1564,.F.);
#2026=ORIENTED_EDGE('',*,*,#1553,.F.);
#2027=ORIENTED_EDGE('',*,*,#1438,.F.);
#2028=ORIENTED_EDGE('',*,*,#1565,.F.);
#2029=ORIENTED_EDGE('',*,*,#1560,.F.);
#2030=ORIENTED_EDGE('',*,*,#1555,.F.);
#2031=ORIENTED_EDGE('',*,*,#1433,.F.);
#2032=ORIENTED_EDGE('',*,*,#1566,.T.);
#2033=ORIENTED_EDGE('',*,*,#1567,.T.);
#2034=ORIENTED_EDGE('',*,*,#1561,.F.);
#2035=ORIENTED_EDGE('',*,*,#1565,.T.);
#2036=ORIENTED_EDGE('',*,*,#1484,.T.);
#2037=ORIENTED_EDGE('',*,*,#1568,.T.);
#2038=ORIENTED_EDGE('',*,*,#1563,.T.);
#2039=ORIENTED_EDGE('',*,*,#1569,.T.);
#2040=ORIENTED_EDGE('',*,*,#1570,.T.);
#2041=ORIENTED_EDGE('',*,*,#1562,.T.);
#2042=ORIENTED_EDGE('',*,*,#1567,.F.);
#2043=ORIENTED_EDGE('',*,*,#1571,.T.);
#2044=ORIENTED_EDGE('',*,*,#1569,.F.);
#2045=ORIENTED_EDGE('',*,*,#1554,.F.);
#2046=ORIENTED_EDGE('',*,*,#1564,.T.);
#2047=ORIENTED_EDGE('',*,*,#1568,.F.);
#2048=ORIENTED_EDGE('',*,*,#1483,.F.);
#2049=ORIENTED_EDGE('',*,*,#1570,.F.);
#2050=ORIENTED_EDGE('',*,*,#1572,.F.);
#2051=ORIENTED_EDGE('',*,*,#1573,.F.);
#2052=ORIENTED_EDGE('',*,*,#1485,.F.);
#2053=ORIENTED_EDGE('',*,*,#1486,.T.);
#2054=ORIENTED_EDGE('',*,*,#1573,.T.);
#2055=ORIENTED_EDGE('',*,*,#1574,.T.);
#2056=ORIENTED_EDGE('',*,*,#1549,.T.);
#2057=ORIENTED_EDGE('',*,*,#1575,.T.);
#2058=ORIENTED_EDGE('',*,*,#1550,.T.);
#2059=ORIENTED_EDGE('',*,*,#1574,.F.);
#2060=ORIENTED_EDGE('',*,*,#1576,.T.);
#2061=ORIENTED_EDGE('',*,*,#1443,.F.);
#2062=ORIENTED_EDGE('',*,*,#1432,.F.);
#2063=ORIENTED_EDGE('',*,*,#1444,.F.);
#2064=ORIENTED_EDGE('',*,*,#1577,.F.);
#2065=ORIENTED_EDGE('',*,*,#1566,.F.);
#2066=ORIENTED_EDGE('',*,*,#1488,.F.);
#2067=ORIENTED_EDGE('',*,*,#1578,.T.);
#2068=ORIENTED_EDGE('',*,*,#1579,.T.);
#2069=ORIENTED_EDGE('',*,*,#1578,.F.);
#2070=ORIENTED_EDGE('',*,*,#1579,.F.);
#2071=ORIENTED_EDGE('',*,*,#1489,.F.);
#2072=ORIENTED_EDGE('',*,*,#1580,.T.);
#2073=ORIENTED_EDGE('',*,*,#1581,.T.);
#2074=ORIENTED_EDGE('',*,*,#1580,.F.);
#2075=ORIENTED_EDGE('',*,*,#1581,.F.);
#2076=ORIENTED_EDGE('',*,*,#1490,.F.);
#2077=ORIENTED_EDGE('',*,*,#1582,.T.);
#2078=ORIENTED_EDGE('',*,*,#1583,.T.);
#2079=ORIENTED_EDGE('',*,*,#1582,.F.);
#2080=ORIENTED_EDGE('',*,*,#1583,.F.);
#2081=ORIENTED_EDGE('',*,*,#1491,.F.);
#2082=ORIENTED_EDGE('',*,*,#1584,.T.);
#2083=ORIENTED_EDGE('',*,*,#1585,.T.);
#2084=ORIENTED_EDGE('',*,*,#1584,.F.);
#2085=ORIENTED_EDGE('',*,*,#1585,.F.);
#2086=ORIENTED_EDGE('',*,*,#1515,.T.);
#2087=ORIENTED_EDGE('',*,*,#1586,.T.);
#2088=ORIENTED_EDGE('',*,*,#1587,.T.);
#2089=ORIENTED_EDGE('',*,*,#1516,.F.);
#2090=ORIENTED_EDGE('',*,*,#1520,.T.);
#2091=ORIENTED_EDGE('',*,*,#1588,.T.);
#2092=ORIENTED_EDGE('',*,*,#1589,.T.);
#2093=ORIENTED_EDGE('',*,*,#1507,.F.);
#2094=ORIENTED_EDGE('',*,*,#1510,.T.);
#2095=ORIENTED_EDGE('',*,*,#1590,.T.);
#2096=ORIENTED_EDGE('',*,*,#1591,.T.);
#2097=ORIENTED_EDGE('',*,*,#1475,.F.);
#2098=ORIENTED_EDGE('',*,*,#1479,.T.);
#2099=ORIENTED_EDGE('',*,*,#1592,.T.);
#2100=ORIENTED_EDGE('',*,*,#1593,.T.);
#2101=ORIENTED_EDGE('',*,*,#1511,.F.);
#2102=ORIENTED_EDGE('',*,*,#1594,.T.);
#2103=ORIENTED_EDGE('',*,*,#1595,.T.);
#2104=ORIENTED_EDGE('',*,*,#1596,.T.);
#2105=ORIENTED_EDGE('',*,*,#1597,.T.);
#2106=ORIENTED_EDGE('',*,*,#1598,.T.);
#2107=ORIENTED_EDGE('',*,*,#1599,.T.);
#2108=ORIENTED_EDGE('',*,*,#1600,.T.);
#2109=ORIENTED_EDGE('',*,*,#1601,.T.);
#2110=ORIENTED_EDGE('',*,*,#1602,.T.);
#2111=ORIENTED_EDGE('',*,*,#1603,.T.);
#2112=ORIENTED_EDGE('',*,*,#1604,.T.);
#2113=ORIENTED_EDGE('',*,*,#1605,.T.);
#2114=ORIENTED_EDGE('',*,*,#1606,.T.);
#2115=ORIENTED_EDGE('',*,*,#1607,.T.);
#2116=ORIENTED_EDGE('',*,*,#1608,.T.);
#2117=ORIENTED_EDGE('',*,*,#1609,.T.);
#2118=ORIENTED_EDGE('',*,*,#1610,.T.);
#2119=ORIENTED_EDGE('',*,*,#1611,.T.);
#2120=ORIENTED_EDGE('',*,*,#1517,.F.);
#2121=ORIENTED_EDGE('',*,*,#1587,.F.);
#2122=ORIENTED_EDGE('',*,*,#1612,.F.);
#2123=ORIENTED_EDGE('',*,*,#1500,.F.);
#2124=ORIENTED_EDGE('',*,*,#1588,.F.);
#2125=ORIENTED_EDGE('',*,*,#1519,.F.);
#2126=ORIENTED_EDGE('',*,*,#1497,.F.);
#2127=ORIENTED_EDGE('',*,*,#1613,.T.);
#2128=ORIENTED_EDGE('',*,*,#1470,.T.);
#2129=ORIENTED_EDGE('',*,*,#1538,.T.);
#2130=ORIENTED_EDGE('',*,*,#1535,.T.);
#2131=ORIENTED_EDGE('',*,*,#1532,.T.);
#2132=ORIENTED_EDGE('',*,*,#1541,.T.);
#2133=ORIENTED_EDGE('',*,*,#1508,.F.);
#2134=ORIENTED_EDGE('',*,*,#1589,.F.);
#2135=ORIENTED_EDGE('',*,*,#1613,.F.);
#2136=ORIENTED_EDGE('',*,*,#1496,.F.);
#2137=ORIENTED_EDGE('',*,*,#1590,.F.);
#2138=ORIENTED_EDGE('',*,*,#1509,.F.);
#2139=ORIENTED_EDGE('',*,*,#1493,.F.);
#2140=ORIENTED_EDGE('',*,*,#1614,.T.);
#2141=ORIENTED_EDGE('',*,*,#1521,.T.);
#2142=ORIENTED_EDGE('',*,*,#1524,.T.);
#2143=ORIENTED_EDGE('',*,*,#1527,.T.);
#2144=ORIENTED_EDGE('',*,*,#1476,.F.);
#2145=ORIENTED_EDGE('',*,*,#1591,.F.);
#2146=ORIENTED_EDGE('',*,*,#1614,.F.);
#2147=ORIENTED_EDGE('',*,*,#1492,.F.);
#2148=ORIENTED_EDGE('',*,*,#1592,.F.);
#2149=ORIENTED_EDGE('',*,*,#1478,.F.);
#2150=ORIENTED_EDGE('',*,*,#1505,.F.);
#2151=ORIENTED_EDGE('',*,*,#1615,.T.);
#2152=ORIENTED_EDGE('',*,*,#1512,.F.);
#2153=ORIENTED_EDGE('',*,*,#1593,.F.);
#2154=ORIENTED_EDGE('',*,*,#1615,.F.);
#2155=ORIENTED_EDGE('',*,*,#1504,.F.);
#2156=ORIENTED_EDGE('',*,*,#1586,.F.);
#2157=ORIENTED_EDGE('',*,*,#1514,.F.);
#2158=ORIENTED_EDGE('',*,*,#1501,.F.);
#2159=ORIENTED_EDGE('',*,*,#1612,.T.);
#2160=ORIENTED_EDGE('',*,*,#1571,.F.);
#2161=ORIENTED_EDGE('',*,*,#1577,.T.);
#2162=ORIENTED_EDGE('',*,*,#1576,.F.);
#2163=ORIENTED_EDGE('',*,*,#1572,.T.);
#2164=ORIENTED_EDGE('',*,*,#1542,.F.);
#2165=ORIENTED_EDGE('',*,*,#1487,.F.);
#2166=ORIENTED_EDGE('',*,*,#1575,.F.);
#2167=ORIENTED_EDGE('',*,*,#1548,.T.);
#2168=ORIENTED_EDGE('',*,*,#1547,.F.);
#2169=ORIENTED_EDGE('',*,*,#1451,.T.);
#2170=ORIENTED_EDGE('',*,*,#1559,.F.);
#2171=ORIENTED_EDGE('',*,*,#1616,.T.);
#2172=ORIENTED_EDGE('',*,*,#1523,.T.);
#2173=ORIENTED_EDGE('',*,*,#1526,.T.);
#2174=ORIENTED_EDGE('',*,*,#1529,.T.);
#2175=ORIENTED_EDGE('',*,*,#1545,.F.);
#2176=ORIENTED_EDGE('',*,*,#1616,.F.);
#2177=ORIENTED_EDGE('',*,*,#1551,.F.);
#2178=ORIENTED_EDGE('',*,*,#1481,.F.);
#2179=ORIENTED_EDGE('',*,*,#1611,.F.);
#2180=ORIENTED_EDGE('',*,*,#1617,.T.);
#2181=ORIENTED_EDGE('',*,*,#1469,.F.);
#2182=ORIENTED_EDGE('',*,*,#1617,.F.);
#2183=ORIENTED_EDGE('',*,*,#1610,.F.);
#2184=ORIENTED_EDGE('',*,*,#1618,.T.);
#2185=ORIENTED_EDGE('',*,*,#1468,.F.);
#2186=ORIENTED_EDGE('',*,*,#1618,.F.);
#2187=ORIENTED_EDGE('',*,*,#1609,.F.);
#2188=ORIENTED_EDGE('',*,*,#1619,.T.);
#2189=ORIENTED_EDGE('',*,*,#1467,.F.);
#2190=ORIENTED_EDGE('',*,*,#1619,.F.);
#2191=ORIENTED_EDGE('',*,*,#1608,.F.);
#2192=ORIENTED_EDGE('',*,*,#1620,.T.);
#2193=ORIENTED_EDGE('',*,*,#1466,.F.);
#2194=ORIENTED_EDGE('',*,*,#1620,.F.);
#2195=ORIENTED_EDGE('',*,*,#1607,.F.);
#2196=ORIENTED_EDGE('',*,*,#1621,.T.);
#2197=ORIENTED_EDGE('',*,*,#1465,.F.);
#2198=ORIENTED_EDGE('',*,*,#1621,.F.);
#2199=ORIENTED_EDGE('',*,*,#1606,.F.);
#2200=ORIENTED_EDGE('',*,*,#1622,.T.);
#2201=ORIENTED_EDGE('',*,*,#1464,.F.);
#2202=ORIENTED_EDGE('',*,*,#1622,.F.);
#2203=ORIENTED_EDGE('',*,*,#1605,.F.);
#2204=ORIENTED_EDGE('',*,*,#1623,.T.);
#2205=ORIENTED_EDGE('',*,*,#1463,.F.);
#2206=ORIENTED_EDGE('',*,*,#1623,.F.);
#2207=ORIENTED_EDGE('',*,*,#1604,.F.);
#2208=ORIENTED_EDGE('',*,*,#1624,.T.);
#2209=ORIENTED_EDGE('',*,*,#1462,.F.);
#2210=ORIENTED_EDGE('',*,*,#1624,.F.);
#2211=ORIENTED_EDGE('',*,*,#1603,.F.);
#2212=ORIENTED_EDGE('',*,*,#1625,.T.);
#2213=ORIENTED_EDGE('',*,*,#1461,.F.);
#2214=ORIENTED_EDGE('',*,*,#1625,.F.);
#2215=ORIENTED_EDGE('',*,*,#1602,.F.);
#2216=ORIENTED_EDGE('',*,*,#1626,.T.);
#2217=ORIENTED_EDGE('',*,*,#1460,.F.);
#2218=ORIENTED_EDGE('',*,*,#1626,.F.);
#2219=ORIENTED_EDGE('',*,*,#1601,.F.);
#2220=ORIENTED_EDGE('',*,*,#1627,.T.);
#2221=ORIENTED_EDGE('',*,*,#1459,.F.);
#2222=ORIENTED_EDGE('',*,*,#1627,.F.);
#2223=ORIENTED_EDGE('',*,*,#1594,.F.);
#2224=ORIENTED_EDGE('',*,*,#1628,.T.);
#2225=ORIENTED_EDGE('',*,*,#1458,.F.);
#2226=ORIENTED_EDGE('',*,*,#1628,.F.);
#2227=ORIENTED_EDGE('',*,*,#1600,.F.);
#2228=ORIENTED_EDGE('',*,*,#1629,.T.);
#2229=ORIENTED_EDGE('',*,*,#1457,.F.);
#2230=ORIENTED_EDGE('',*,*,#1629,.F.);
#2231=ORIENTED_EDGE('',*,*,#1599,.F.);
#2232=ORIENTED_EDGE('',*,*,#1630,.T.);
#2233=ORIENTED_EDGE('',*,*,#1456,.F.);
#2234=ORIENTED_EDGE('',*,*,#1630,.F.);
#2235=ORIENTED_EDGE('',*,*,#1598,.F.);
#2236=ORIENTED_EDGE('',*,*,#1631,.T.);
#2237=ORIENTED_EDGE('',*,*,#1455,.F.);
#2238=ORIENTED_EDGE('',*,*,#1631,.F.);
#2239=ORIENTED_EDGE('',*,*,#1597,.F.);
#2240=ORIENTED_EDGE('',*,*,#1632,.T.);
#2241=ORIENTED_EDGE('',*,*,#1454,.F.);
#2242=ORIENTED_EDGE('',*,*,#1632,.F.);
#2243=ORIENTED_EDGE('',*,*,#1596,.F.);
#2244=ORIENTED_EDGE('',*,*,#1633,.T.);
#2245=ORIENTED_EDGE('',*,*,#1453,.F.);
#2246=ORIENTED_EDGE('',*,*,#1633,.F.);
#2247=ORIENTED_EDGE('',*,*,#1595,.F.);
#2248=ORIENTED_EDGE('',*,*,#1634,.T.);
#2249=ORIENTED_EDGE('',*,*,#1452,.F.);
#2250=ORIENTED_EDGE('',*,*,#1634,.F.);
#2251=ORIENTED_EDGE('',*,*,#1635,.T.);
#2252=ORIENTED_EDGE('',*,*,#1636,.T.);
#2253=ORIENTED_EDGE('',*,*,#1637,.T.);
#2254=ORIENTED_EDGE('',*,*,#1638,.T.);
#2255=ORIENTED_EDGE('',*,*,#1639,.T.);
#2256=ORIENTED_EDGE('',*,*,#1638,.F.);
#2257=ORIENTED_EDGE('',*,*,#1640,.T.);
#2258=ORIENTED_EDGE('',*,*,#1641,.T.);
#2259=ORIENTED_EDGE('',*,*,#1641,.F.);
#2260=ORIENTED_EDGE('',*,*,#1642,.F.);
#2261=ORIENTED_EDGE('',*,*,#1643,.T.);
#2262=ORIENTED_EDGE('',*,*,#1644,.T.);
#2263=ORIENTED_EDGE('',*,*,#1637,.F.);
#2264=ORIENTED_EDGE('',*,*,#1645,.T.);
#2265=ORIENTED_EDGE('',*,*,#1646,.F.);
#2266=ORIENTED_EDGE('',*,*,#1647,.F.);
#2267=ORIENTED_EDGE('',*,*,#1648,.F.);
#2268=ORIENTED_EDGE('',*,*,#1649,.T.);
#2269=ORIENTED_EDGE('',*,*,#1642,.T.);
#2270=ORIENTED_EDGE('',*,*,#1640,.F.);
#2271=ORIENTED_EDGE('',*,*,#1639,.F.);
#2272=ORIENTED_EDGE('',*,*,#1650,.T.);
#2273=ORIENTED_EDGE('',*,*,#1651,.T.);
#2274=ORIENTED_EDGE('',*,*,#1650,.F.);
#2275=ORIENTED_EDGE('',*,*,#1652,.T.);
#2276=ORIENTED_EDGE('',*,*,#1653,.T.);
#2277=ORIENTED_EDGE('',*,*,#1654,.T.);
#2278=ORIENTED_EDGE('',*,*,#1655,.T.);
#2279=ORIENTED_EDGE('',*,*,#1654,.F.);
#2280=ORIENTED_EDGE('',*,*,#1656,.T.);
#2281=ORIENTED_EDGE('',*,*,#1657,.T.);
#2282=ORIENTED_EDGE('',*,*,#1658,.T.);
#2283=ORIENTED_EDGE('',*,*,#1652,.F.);
#2284=ORIENTED_EDGE('',*,*,#1659,.T.);
#2285=ORIENTED_EDGE('',*,*,#1660,.T.);
#2286=ORIENTED_EDGE('',*,*,#1661,.T.);
#2287=ORIENTED_EDGE('',*,*,#1662,.F.);
#2288=ORIENTED_EDGE('',*,*,#1663,.T.);
#2289=ORIENTED_EDGE('',*,*,#1658,.F.);
#2290=ORIENTED_EDGE('',*,*,#1664,.F.);
#2291=ORIENTED_EDGE('',*,*,#1665,.T.);
#2292=ORIENTED_EDGE('',*,*,#1659,.F.);
#2293=ORIENTED_EDGE('',*,*,#1635,.F.);
#2294=ORIENTED_EDGE('',*,*,#1644,.F.);
#2295=ORIENTED_EDGE('',*,*,#1666,.T.);
#2296=ORIENTED_EDGE('',*,*,#1664,.T.);
#2297=ORIENTED_EDGE('',*,*,#1657,.F.);
#2298=ORIENTED_EDGE('',*,*,#1667,.T.);
#2299=ORIENTED_EDGE('',*,*,#1655,.F.);
#2300=ORIENTED_EDGE('',*,*,#1668,.T.);
#2301=ORIENTED_EDGE('',*,*,#1669,.T.);
#2302=ORIENTED_EDGE('',*,*,#1668,.F.);
#2303=ORIENTED_EDGE('',*,*,#1647,.T.);
#2304=ORIENTED_EDGE('',*,*,#1670,.T.);
#2305=ORIENTED_EDGE('',*,*,#1671,.T.);
#2306=ORIENTED_EDGE('',*,*,#1670,.F.);
#2307=ORIENTED_EDGE('',*,*,#1646,.T.);
#2308=ORIENTED_EDGE('',*,*,#1672,.T.);
#2309=ORIENTED_EDGE('',*,*,#1673,.T.);
#2310=ORIENTED_EDGE('',*,*,#1674,.T.);
#2311=ORIENTED_EDGE('',*,*,#1674,.F.);
#2312=ORIENTED_EDGE('',*,*,#1675,.F.);
#2313=ORIENTED_EDGE('',*,*,#1676,.T.);
#2314=ORIENTED_EDGE('',*,*,#1648,.T.);
#2315=ORIENTED_EDGE('',*,*,#1673,.F.);
#2316=ORIENTED_EDGE('',*,*,#1677,.T.);
#2317=ORIENTED_EDGE('',*,*,#1678,.F.);
#2318=ORIENTED_EDGE('',*,*,#1679,.F.);
#2319=ORIENTED_EDGE('',*,*,#1680,.T.);
#2320=ORIENTED_EDGE('',*,*,#1675,.T.);
#2321=ORIENTED_EDGE('',*,*,#1671,.F.);
#2322=ORIENTED_EDGE('',*,*,#1681,.T.);
#2323=ORIENTED_EDGE('',*,*,#1682,.T.);
#2324=ORIENTED_EDGE('',*,*,#1681,.F.);
#2325=ORIENTED_EDGE('',*,*,#1678,.T.);
#2326=ORIENTED_EDGE('',*,*,#1683,.T.);
#2327=ORIENTED_EDGE('',*,*,#1684,.T.);
#2328=ORIENTED_EDGE('',*,*,#1685,.T.);
#2329=ORIENTED_EDGE('',*,*,#1684,.F.);
#2330=ORIENTED_EDGE('',*,*,#1686,.T.);
#2331=ORIENTED_EDGE('',*,*,#1662,.T.);
#2332=ORIENTED_EDGE('',*,*,#1687,.T.);
#2333=ORIENTED_EDGE('',*,*,#1687,.F.);
#2334=ORIENTED_EDGE('',*,*,#1661,.F.);
#2335=ORIENTED_EDGE('',*,*,#1688,.T.);
#2336=ORIENTED_EDGE('',*,*,#1679,.T.);
#2337=ORIENTED_EDGE('',*,*,#1685,.F.);
#2338=ORIENTED_EDGE('',*,*,#1689,.T.);
#2339=ORIENTED_EDGE('',*,*,#1690,.T.);
#2340=ORIENTED_EDGE('',*,*,#1689,.F.);
#2341=ORIENTED_EDGE('',*,*,#1691,.T.);
#2342=ORIENTED_EDGE('',*,*,#1692,.T.);
#2343=ORIENTED_EDGE('',*,*,#1693,.T.);
#2344=ORIENTED_EDGE('',*,*,#1694,.F.);
#2345=ORIENTED_EDGE('',*,*,#1695,.T.);
#2346=ORIENTED_EDGE('',*,*,#1696,.T.);
#2347=ORIENTED_EDGE('',*,*,#1697,.T.);
#2348=ORIENTED_EDGE('',*,*,#1698,.F.);
#2349=ORIENTED_EDGE('',*,*,#1699,.T.);
#2350=ORIENTED_EDGE('',*,*,#1700,.T.);
#2351=ORIENTED_EDGE('',*,*,#1701,.T.);
#2352=ORIENTED_EDGE('',*,*,#1702,.F.);
#2353=ORIENTED_EDGE('',*,*,#1703,.T.);
#2354=ORIENTED_EDGE('',*,*,#1704,.T.);
#2355=ORIENTED_EDGE('',*,*,#1705,.T.);
#2356=ORIENTED_EDGE('',*,*,#1706,.F.);
#2357=ORIENTED_EDGE('',*,*,#1707,.F.);
#2358=ORIENTED_EDGE('',*,*,#1697,.F.);
#2359=ORIENTED_EDGE('',*,*,#1708,.F.);
#2360=ORIENTED_EDGE('',*,*,#1709,.F.);
#2361=ORIENTED_EDGE('',*,*,#1710,.F.);
#2362=ORIENTED_EDGE('',*,*,#1693,.F.);
#2363=ORIENTED_EDGE('',*,*,#1711,.F.);
#2364=ORIENTED_EDGE('',*,*,#1712,.F.);
#2365=ORIENTED_EDGE('',*,*,#1713,.F.);
#2366=ORIENTED_EDGE('',*,*,#1701,.F.);
#2367=ORIENTED_EDGE('',*,*,#1714,.F.);
#2368=ORIENTED_EDGE('',*,*,#1715,.F.);
#2369=ORIENTED_EDGE('',*,*,#1716,.F.);
#2370=ORIENTED_EDGE('',*,*,#1705,.F.);
#2371=ORIENTED_EDGE('',*,*,#1717,.F.);
#2372=ORIENTED_EDGE('',*,*,#1718,.F.);
#2373=ORIENTED_EDGE('',*,*,#1719,.T.);
#2374=ORIENTED_EDGE('',*,*,#1720,.F.);
#2375=ORIENTED_EDGE('',*,*,#1721,.T.);
#2376=ORIENTED_EDGE('',*,*,#1718,.T.);
#2377=ORIENTED_EDGE('',*,*,#1721,.F.);
#2378=ORIENTED_EDGE('',*,*,#1722,.F.);
#2379=ORIENTED_EDGE('',*,*,#1723,.F.);
#2380=ORIENTED_EDGE('',*,*,#1698,.T.);
#2381=ORIENTED_EDGE('',*,*,#1707,.T.);
#2382=ORIENTED_EDGE('',*,*,#1695,.F.);
#2383=ORIENTED_EDGE('',*,*,#1723,.T.);
#2384=ORIENTED_EDGE('',*,*,#1724,.F.);
#2385=ORIENTED_EDGE('',*,*,#1725,.F.);
#2386=ORIENTED_EDGE('',*,*,#1725,.T.);
#2387=ORIENTED_EDGE('',*,*,#1726,.F.);
#2388=ORIENTED_EDGE('',*,*,#1727,.T.);
#2389=ORIENTED_EDGE('',*,*,#1708,.T.);
#2390=ORIENTED_EDGE('',*,*,#1696,.F.);
#2391=ORIENTED_EDGE('',*,*,#1727,.F.);
#2392=ORIENTED_EDGE('',*,*,#1728,.F.);
#2393=ORIENTED_EDGE('',*,*,#1729,.T.);
#2394=ORIENTED_EDGE('',*,*,#1709,.T.);
#2395=ORIENTED_EDGE('',*,*,#1729,.F.);
#2396=ORIENTED_EDGE('',*,*,#1730,.F.);
#2397=ORIENTED_EDGE('',*,*,#1731,.F.);
#2398=ORIENTED_EDGE('',*,*,#1694,.T.);
#2399=ORIENTED_EDGE('',*,*,#1710,.T.);
#2400=ORIENTED_EDGE('',*,*,#1691,.F.);
#2401=ORIENTED_EDGE('',*,*,#1731,.T.);
#2402=ORIENTED_EDGE('',*,*,#1732,.F.);
#2403=ORIENTED_EDGE('',*,*,#1733,.F.);
#2404=ORIENTED_EDGE('',*,*,#1733,.T.);
#2405=ORIENTED_EDGE('',*,*,#1734,.F.);
#2406=ORIENTED_EDGE('',*,*,#1735,.T.);
#2407=ORIENTED_EDGE('',*,*,#1711,.T.);
#2408=ORIENTED_EDGE('',*,*,#1692,.F.);
#2409=ORIENTED_EDGE('',*,*,#1735,.F.);
#2410=ORIENTED_EDGE('',*,*,#1736,.F.);
#2411=ORIENTED_EDGE('',*,*,#1737,.T.);
#2412=ORIENTED_EDGE('',*,*,#1712,.T.);
#2413=ORIENTED_EDGE('',*,*,#1737,.F.);
#2414=ORIENTED_EDGE('',*,*,#1738,.F.);
#2415=ORIENTED_EDGE('',*,*,#1739,.F.);
#2416=ORIENTED_EDGE('',*,*,#1702,.T.);
#2417=ORIENTED_EDGE('',*,*,#1713,.T.);
#2418=ORIENTED_EDGE('',*,*,#1699,.F.);
#2419=ORIENTED_EDGE('',*,*,#1739,.T.);
#2420=ORIENTED_EDGE('',*,*,#1740,.F.);
#2421=ORIENTED_EDGE('',*,*,#1741,.F.);
#2422=ORIENTED_EDGE('',*,*,#1741,.T.);
#2423=ORIENTED_EDGE('',*,*,#1742,.F.);
#2424=ORIENTED_EDGE('',*,*,#1743,.T.);
#2425=ORIENTED_EDGE('',*,*,#1714,.T.);
#2426=ORIENTED_EDGE('',*,*,#1700,.F.);
#2427=ORIENTED_EDGE('',*,*,#1743,.F.);
#2428=ORIENTED_EDGE('',*,*,#1744,.F.);
#2429=ORIENTED_EDGE('',*,*,#1745,.T.);
#2430=ORIENTED_EDGE('',*,*,#1715,.T.);
#2431=ORIENTED_EDGE('',*,*,#1745,.F.);
#2432=ORIENTED_EDGE('',*,*,#1746,.F.);
#2433=ORIENTED_EDGE('',*,*,#1747,.F.);
#2434=ORIENTED_EDGE('',*,*,#1706,.T.);
#2435=ORIENTED_EDGE('',*,*,#1716,.T.);
#2436=ORIENTED_EDGE('',*,*,#1703,.F.);
#2437=ORIENTED_EDGE('',*,*,#1747,.T.);
#2438=ORIENTED_EDGE('',*,*,#1748,.F.);
#2439=ORIENTED_EDGE('',*,*,#1749,.F.);
#2440=ORIENTED_EDGE('',*,*,#1749,.T.);
#2441=ORIENTED_EDGE('',*,*,#1750,.F.);
#2442=ORIENTED_EDGE('',*,*,#1719,.F.);
#2443=ORIENTED_EDGE('',*,*,#1717,.T.);
#2444=ORIENTED_EDGE('',*,*,#1704,.F.);
#2445=ORIENTED_EDGE('',*,*,#1751,.F.);
#2446=ORIENTED_EDGE('',*,*,#1752,.T.);
#2447=ORIENTED_EDGE('',*,*,#1753,.F.);
#2448=ORIENTED_EDGE('',*,*,#1754,.F.);
#2449=ORIENTED_EDGE('',*,*,#1755,.F.);
#2450=ORIENTED_EDGE('',*,*,#1754,.T.);
#2451=ORIENTED_EDGE('',*,*,#1756,.F.);
#2452=ORIENTED_EDGE('',*,*,#1757,.F.);
#2453=ORIENTED_EDGE('',*,*,#1758,.F.);
#2454=ORIENTED_EDGE('',*,*,#1757,.T.);
#2455=ORIENTED_EDGE('',*,*,#1759,.F.);
#2456=ORIENTED_EDGE('',*,*,#1760,.F.);
#2457=ORIENTED_EDGE('',*,*,#1761,.F.);
#2458=ORIENTED_EDGE('',*,*,#1760,.T.);
#2459=ORIENTED_EDGE('',*,*,#1762,.F.);
#2460=ORIENTED_EDGE('',*,*,#1763,.F.);
#2461=ORIENTED_EDGE('',*,*,#1764,.F.);
#2462=ORIENTED_EDGE('',*,*,#1763,.T.);
#2463=ORIENTED_EDGE('',*,*,#1765,.F.);
#2464=ORIENTED_EDGE('',*,*,#1766,.F.);
#2465=ORIENTED_EDGE('',*,*,#1767,.F.);
#2466=ORIENTED_EDGE('',*,*,#1766,.T.);
#2467=ORIENTED_EDGE('',*,*,#1768,.F.);
#2468=ORIENTED_EDGE('',*,*,#1769,.F.);
#2469=ORIENTED_EDGE('',*,*,#1770,.F.);
#2470=ORIENTED_EDGE('',*,*,#1769,.T.);
#2471=ORIENTED_EDGE('',*,*,#1771,.F.);
#2472=ORIENTED_EDGE('',*,*,#1772,.F.);
#2473=ORIENTED_EDGE('',*,*,#1773,.F.);
#2474=ORIENTED_EDGE('',*,*,#1772,.T.);
#2475=ORIENTED_EDGE('',*,*,#1774,.F.);
#2476=ORIENTED_EDGE('',*,*,#1775,.F.);
#2477=ORIENTED_EDGE('',*,*,#1776,.F.);
#2478=ORIENTED_EDGE('',*,*,#1775,.T.);
#2479=ORIENTED_EDGE('',*,*,#1777,.F.);
#2480=ORIENTED_EDGE('',*,*,#1778,.F.);
#2481=ORIENTED_EDGE('',*,*,#1779,.F.);
#2482=ORIENTED_EDGE('',*,*,#1778,.T.);
#2483=ORIENTED_EDGE('',*,*,#1780,.F.);
#2484=ORIENTED_EDGE('',*,*,#1781,.F.);
#2485=ORIENTED_EDGE('',*,*,#1782,.F.);
#2486=ORIENTED_EDGE('',*,*,#1781,.T.);
#2487=ORIENTED_EDGE('',*,*,#1783,.F.);
#2488=ORIENTED_EDGE('',*,*,#1784,.F.);
#2489=ORIENTED_EDGE('',*,*,#1785,.F.);
#2490=ORIENTED_EDGE('',*,*,#1784,.T.);
#2491=ORIENTED_EDGE('',*,*,#1786,.F.);
#2492=ORIENTED_EDGE('',*,*,#1787,.F.);
#2493=ORIENTED_EDGE('',*,*,#1788,.F.);
#2494=ORIENTED_EDGE('',*,*,#1787,.T.);
#2495=ORIENTED_EDGE('',*,*,#1789,.F.);
#2496=ORIENTED_EDGE('',*,*,#1790,.F.);
#2497=ORIENTED_EDGE('',*,*,#1791,.F.);
#2498=ORIENTED_EDGE('',*,*,#1790,.T.);
#2499=ORIENTED_EDGE('',*,*,#1792,.F.);
#2500=ORIENTED_EDGE('',*,*,#1793,.F.);
#2501=ORIENTED_EDGE('',*,*,#1794,.F.);
#2502=ORIENTED_EDGE('',*,*,#1793,.T.);
#2503=ORIENTED_EDGE('',*,*,#1795,.F.);
#2504=ORIENTED_EDGE('',*,*,#1796,.F.);
#2505=ORIENTED_EDGE('',*,*,#1797,.F.);
#2506=ORIENTED_EDGE('',*,*,#1796,.T.);
#2507=ORIENTED_EDGE('',*,*,#1798,.F.);
#2508=ORIENTED_EDGE('',*,*,#1752,.F.);
#2509=ORIENTED_EDGE('',*,*,#1798,.T.);
#2510=ORIENTED_EDGE('',*,*,#1795,.T.);
#2511=ORIENTED_EDGE('',*,*,#1792,.T.);
#2512=ORIENTED_EDGE('',*,*,#1789,.T.);
#2513=ORIENTED_EDGE('',*,*,#1786,.T.);
#2514=ORIENTED_EDGE('',*,*,#1783,.T.);
#2515=ORIENTED_EDGE('',*,*,#1780,.T.);
#2516=ORIENTED_EDGE('',*,*,#1777,.T.);
#2517=ORIENTED_EDGE('',*,*,#1774,.T.);
#2518=ORIENTED_EDGE('',*,*,#1771,.T.);
#2519=ORIENTED_EDGE('',*,*,#1768,.T.);
#2520=ORIENTED_EDGE('',*,*,#1765,.T.);
#2521=ORIENTED_EDGE('',*,*,#1762,.T.);
#2522=ORIENTED_EDGE('',*,*,#1759,.T.);
#2523=ORIENTED_EDGE('',*,*,#1756,.T.);
#2524=ORIENTED_EDGE('',*,*,#1753,.T.);
#2525=ORIENTED_EDGE('',*,*,#1750,.T.);
#2526=ORIENTED_EDGE('',*,*,#1748,.T.);
#2527=ORIENTED_EDGE('',*,*,#1746,.T.);
#2528=ORIENTED_EDGE('',*,*,#1744,.T.);
#2529=ORIENTED_EDGE('',*,*,#1742,.T.);
#2530=ORIENTED_EDGE('',*,*,#1740,.T.);
#2531=ORIENTED_EDGE('',*,*,#1738,.T.);
#2532=ORIENTED_EDGE('',*,*,#1736,.T.);
#2533=ORIENTED_EDGE('',*,*,#1734,.T.);
#2534=ORIENTED_EDGE('',*,*,#1732,.T.);
#2535=ORIENTED_EDGE('',*,*,#1730,.T.);
#2536=ORIENTED_EDGE('',*,*,#1728,.T.);
#2537=ORIENTED_EDGE('',*,*,#1726,.T.);
#2538=ORIENTED_EDGE('',*,*,#1724,.T.);
#2539=ORIENTED_EDGE('',*,*,#1722,.T.);
#2540=ORIENTED_EDGE('',*,*,#1720,.T.);
#2541=ORIENTED_EDGE('',*,*,#1799,.F.);
#2542=ORIENTED_EDGE('',*,*,#1800,.F.);
#2543=ORIENTED_EDGE('',*,*,#1801,.F.);
#2544=ORIENTED_EDGE('',*,*,#1802,.F.);
#2545=ORIENTED_EDGE('',*,*,#1803,.F.);
#2546=ORIENTED_EDGE('',*,*,#1804,.F.);
#2547=ORIENTED_EDGE('',*,*,#1805,.F.);
#2548=ORIENTED_EDGE('',*,*,#1806,.F.);
#2549=ORIENTED_EDGE('',*,*,#1682,.F.);
#2550=ORIENTED_EDGE('',*,*,#1651,.F.);
#2551=ORIENTED_EDGE('',*,*,#1669,.F.);
#2552=ORIENTED_EDGE('',*,*,#1690,.F.);
#2553=ORIENTED_EDGE('',*,*,#1751,.T.);
#2554=ORIENTED_EDGE('',*,*,#1755,.T.);
#2555=ORIENTED_EDGE('',*,*,#1758,.T.);
#2556=ORIENTED_EDGE('',*,*,#1761,.T.);
#2557=ORIENTED_EDGE('',*,*,#1764,.T.);
#2558=ORIENTED_EDGE('',*,*,#1767,.T.);
#2559=ORIENTED_EDGE('',*,*,#1770,.T.);
#2560=ORIENTED_EDGE('',*,*,#1773,.T.);
#2561=ORIENTED_EDGE('',*,*,#1776,.T.);
#2562=ORIENTED_EDGE('',*,*,#1779,.T.);
#2563=ORIENTED_EDGE('',*,*,#1782,.T.);
#2564=ORIENTED_EDGE('',*,*,#1785,.T.);
#2565=ORIENTED_EDGE('',*,*,#1788,.T.);
#2566=ORIENTED_EDGE('',*,*,#1791,.T.);
#2567=ORIENTED_EDGE('',*,*,#1794,.T.);
#2568=ORIENTED_EDGE('',*,*,#1797,.T.);
#2569=ORIENTED_EDGE('',*,*,#1676,.F.);
#2570=ORIENTED_EDGE('',*,*,#1807,.F.);
#2571=ORIENTED_EDGE('',*,*,#1804,.T.);
#2572=ORIENTED_EDGE('',*,*,#1808,.T.);
#2573=ORIENTED_EDGE('',*,*,#1680,.F.);
#2574=ORIENTED_EDGE('',*,*,#1809,.F.);
#2575=ORIENTED_EDGE('',*,*,#1805,.T.);
#2576=ORIENTED_EDGE('',*,*,#1807,.T.);
#2577=ORIENTED_EDGE('',*,*,#1688,.F.);
#2578=ORIENTED_EDGE('',*,*,#1810,.F.);
#2579=ORIENTED_EDGE('',*,*,#1806,.T.);
#2580=ORIENTED_EDGE('',*,*,#1809,.T.);
#2581=ORIENTED_EDGE('',*,*,#1660,.F.);
#2582=ORIENTED_EDGE('',*,*,#1811,.F.);
#2583=ORIENTED_EDGE('',*,*,#1799,.T.);
#2584=ORIENTED_EDGE('',*,*,#1810,.T.);
#2585=ORIENTED_EDGE('',*,*,#1636,.F.);
#2586=ORIENTED_EDGE('',*,*,#1667,.F.);
#2587=ORIENTED_EDGE('',*,*,#1656,.F.);
#2588=ORIENTED_EDGE('',*,*,#1653,.F.);
#2589=ORIENTED_EDGE('',*,*,#1663,.F.);
#2590=ORIENTED_EDGE('',*,*,#1686,.F.);
#2591=ORIENTED_EDGE('',*,*,#1683,.F.);
#2592=ORIENTED_EDGE('',*,*,#1677,.F.);
#2593=ORIENTED_EDGE('',*,*,#1672,.F.);
#2594=ORIENTED_EDGE('',*,*,#1645,.F.);
#2595=ORIENTED_EDGE('',*,*,#1665,.F.);
#2596=ORIENTED_EDGE('',*,*,#1812,.F.);
#2597=ORIENTED_EDGE('',*,*,#1800,.T.);
#2598=ORIENTED_EDGE('',*,*,#1811,.T.);
#2599=ORIENTED_EDGE('',*,*,#1666,.F.);
#2600=ORIENTED_EDGE('',*,*,#1813,.F.);
#2601=ORIENTED_EDGE('',*,*,#1801,.T.);
#2602=ORIENTED_EDGE('',*,*,#1812,.T.);
#2603=ORIENTED_EDGE('',*,*,#1643,.F.);
#2604=ORIENTED_EDGE('',*,*,#1814,.F.);
#2605=ORIENTED_EDGE('',*,*,#1802,.T.);
#2606=ORIENTED_EDGE('',*,*,#1813,.T.);
#2607=ORIENTED_EDGE('',*,*,#1649,.F.);
#2608=ORIENTED_EDGE('',*,*,#1808,.F.);
#2609=ORIENTED_EDGE('',*,*,#1803,.T.);
#2610=ORIENTED_EDGE('',*,*,#1814,.T.);
#2611=PLANE('',#2848);
#2612=PLANE('',#2852);
#2613=PLANE('',#2856);
#2614=PLANE('',#2860);
#2615=PLANE('',#2865);
#2616=PLANE('',#2867);
#2617=PLANE('',#2868);
#2618=PLANE('',#2893);
#2619=PLANE('',#2894);
#2620=PLANE('',#2908);
#2621=PLANE('',#2911);
#2622=PLANE('',#2914);
#2623=PLANE('',#2924);
#2624=PLANE('',#2928);
#2625=PLANE('',#2934);
#2626=PLANE('',#2938);
#2627=PLANE('',#2939);
#2628=PLANE('',#2943);
#2629=PLANE('',#2944);
#2630=PLANE('',#2947);
#2631=PLANE('',#2950);
#2632=PLANE('',#2953);
#2633=PLANE('',#2956);
#2634=PLANE('',#2959);
#2635=PLANE('',#2960);
#2636=PLANE('',#2979);
#2637=PLANE('',#2980);
#2638=PLANE('',#2981);
#2639=PLANE('',#2982);
#2640=PLANE('',#2983);
#2641=PLANE('',#2984);
#2642=PLANE('',#2985);
#2643=PLANE('',#2986);
#2644=PLANE('',#2987);
#2645=PLANE('',#2988);
#2646=PLANE('',#2989);
#2647=PLANE('',#2990);
#2648=PLANE('',#3014);
#2649=PLANE('',#3021);
#2650=PLANE('',#3024);
#2651=PLANE('',#3032);
#2652=PLANE('',#3043);
#2653=PLANE('',#3044);
#2654=PLANE('',#3045);
#2655=PLANE('',#3046);
#2656=PLANE('',#3047);
#2657=PLANE('',#3048);
#2658=PLANE('',#3049);
#2659=PLANE('',#3050);
#2660=PLANE('',#3051);
#2661=PLANE('',#3052);
#2662=PLANE('',#3053);
#2663=PLANE('',#3054);
#2664=PLANE('',#3055);
#2665=PLANE('',#3056);
#2666=PLANE('',#3057);
#2667=PLANE('',#3058);
#2668=PLANE('',#3059);
#2669=PLANE('',#3060);
#2670=PLANE('',#3061);
#2671=PLANE('',#3062);
#2672=PLANE('',#3063);
#2673=PLANE('',#3064);
#2674=PLANE('',#3065);
#2675=PLANE('',#3066);
#2676=PLANE('',#3067);
#2677=PLANE('',#3068);
#2678=PLANE('',#3069);
#2679=PLANE('',#3075);
#2680=PLANE('',#3077);
#2681=PLANE('',#3078);
#2682=PLANE('',#3080);
#2683=PLANE('',#3082);
#2684=ADVANCED_FACE('',(#290),#2611,.T.);
#2685=ADVANCED_FACE('',(#291),#278,.T.);
#2686=ADVANCED_FACE('',(#292),#2612,.T.);
#2687=ADVANCED_FACE('',(#293),#279,.T.);
#2688=ADVANCED_FACE('',(#294),#2613,.T.);
#2689=ADVANCED_FACE('',(#295),#280,.T.);
#2690=ADVANCED_FACE('',(#296),#2614,.T.);
#2691=ADVANCED_FACE('',(#297),#281,.T.);
#2692=ADVANCED_FACE('',(#298),#148,.T.);
#2693=ADVANCED_FACE('',(#299),#2615,.T.);
#2694=ADVANCED_FACE('',(#300),#149,.T.);
#2695=ADVANCED_FACE('',(#301),#2616,.T.);
#2696=ADVANCED_FACE('',(#302,#59,#60,#61,#62,#63,#64,#65,#66,#67,#68,#69,
#70,#71,#72,#73,#74,#75,#76),#2617,.T.);
#2697=ADVANCED_FACE('',(#303),#150,.F.);
#2698=ADVANCED_FACE('',(#304),#151,.T.);
#2699=ADVANCED_FACE('',(#305),#2618,.F.);
#2700=ADVANCED_FACE('',(#306,#77,#78,#79,#80,#81),#2619,.F.);
#2701=ADVANCED_FACE('',(#307),#152,.T.);
#2702=ADVANCED_FACE('',(#308),#2620,.F.);
#2703=ADVANCED_FACE('',(#309),#153,.T.);
#2704=ADVANCED_FACE('',(#310),#2621,.F.);
#2705=ADVANCED_FACE('',(#311),#154,.T.);
#2706=ADVANCED_FACE('',(#312),#2622,.F.);
#2707=ADVANCED_FACE('',(#313),#155,.F.);
#2708=ADVANCED_FACE('',(#314),#156,.F.);
#2709=ADVANCED_FACE('',(#315),#157,.F.);
#2710=ADVANCED_FACE('',(#316),#2623,.F.);
#2711=ADVANCED_FACE('',(#317),#158,.F.);
#2712=ADVANCED_FACE('',(#318),#2624,.F.);
#2713=ADVANCED_FACE('',(#319),#159,.F.);
#2714=ADVANCED_FACE('',(#320),#160,.T.);
#2715=ADVANCED_FACE('',(#321),#161,.T.);
#2716=ADVANCED_FACE('',(#322,#82,#83),#2625,.F.);
#2717=ADVANCED_FACE('',(#323),#162,.T.);
#2718=ADVANCED_FACE('',(#324),#163,.T.);
#2719=ADVANCED_FACE('',(#325),#164,.T.);
#2720=ADVANCED_FACE('',(#326),#2626,.F.);
#2721=ADVANCED_FACE('',(#327),#2627,.T.);
#2722=ADVANCED_FACE('',(#328),#165,.T.);
#2723=ADVANCED_FACE('',(#329),#166,.T.);
#2724=ADVANCED_FACE('',(#330),#167,.T.);
#2725=ADVANCED_FACE('',(#331),#2628,.T.);
#2726=ADVANCED_FACE('',(#332),#2629,.T.);
#2727=ADVANCED_FACE('',(#333),#168,.T.);
#2728=ADVANCED_FACE('',(#334),#169,.T.);
#2729=ADVANCED_FACE('',(#335),#2630,.T.);
#2730=ADVANCED_FACE('',(#336),#170,.F.);
#2731=ADVANCED_FACE('',(#337),#2631,.T.);
#2732=ADVANCED_FACE('',(#338),#171,.F.);
#2733=ADVANCED_FACE('',(#339),#2632,.T.);
#2734=ADVANCED_FACE('',(#340),#172,.F.);
#2735=ADVANCED_FACE('',(#341),#2633,.T.);
#2736=ADVANCED_FACE('',(#342),#173,.F.);
#2737=ADVANCED_FACE('',(#343),#2634,.T.);
#2738=ADVANCED_FACE('',(#344,#84,#85,#86,#87,#88,#89,#90,#91,#92,#93,#94,
#95,#96,#97,#98,#99,#100,#101),#2635,.T.);
#2739=ADVANCED_FACE('',(#345),#2636,.F.);
#2740=ADVANCED_FACE('',(#346,#102,#103),#2637,.F.);
#2741=ADVANCED_FACE('',(#347),#2638,.F.);
#2742=ADVANCED_FACE('',(#348,#104,#105,#106),#2639,.F.);
#2743=ADVANCED_FACE('',(#349),#2640,.F.);
#2744=ADVANCED_FACE('',(#350),#2641,.F.);
#2745=ADVANCED_FACE('',(#351),#2642,.F.);
#2746=ADVANCED_FACE('',(#352),#2643,.F.);
#2747=ADVANCED_FACE('',(#353),#2644,.T.);
#2748=ADVANCED_FACE('',(#354),#2645,.T.);
#2749=ADVANCED_FACE('',(#355,#107,#108,#109),#2646,.T.);
#2750=ADVANCED_FACE('',(#356),#2647,.T.);
#2751=ADVANCED_FACE('',(#357),#174,.F.);
#2752=ADVANCED_FACE('',(#358),#175,.F.);
#2753=ADVANCED_FACE('',(#359),#176,.F.);
#2754=ADVANCED_FACE('',(#360),#177,.F.);
#2755=ADVANCED_FACE('',(#361),#178,.F.);
#2756=ADVANCED_FACE('',(#362),#179,.F.);
#2757=ADVANCED_FACE('',(#363),#180,.F.);
#2758=ADVANCED_FACE('',(#364),#181,.F.);
#2759=ADVANCED_FACE('',(#365),#182,.F.);
#2760=ADVANCED_FACE('',(#366),#183,.F.);
#2761=ADVANCED_FACE('',(#367),#184,.F.);
#2762=ADVANCED_FACE('',(#368),#185,.F.);
#2763=ADVANCED_FACE('',(#369),#186,.F.);
#2764=ADVANCED_FACE('',(#370),#187,.F.);
#2765=ADVANCED_FACE('',(#371),#188,.F.);
#2766=ADVANCED_FACE('',(#372),#189,.F.);
#2767=ADVANCED_FACE('',(#373),#190,.F.);
#2768=ADVANCED_FACE('',(#374),#191,.F.);
#2769=ADVANCED_FACE('',(#375),#282,.F.);
#2770=ADVANCED_FACE('',(#376),#283,.T.);
#2771=ADVANCED_FACE('',(#377),#2648,.T.);
#2772=ADVANCED_FACE('',(#378),#192,.F.);
#2773=ADVANCED_FACE('',(#379),#284,.F.);
#2774=ADVANCED_FACE('',(#380),#2649,.T.);
#2775=ADVANCED_FACE('',(#381),#285,.T.);
#2776=ADVANCED_FACE('',(#382),#2650,.T.);
#2777=ADVANCED_FACE('',(#383),#193,.F.);
#2778=ADVANCED_FACE('',(#384),#286,.F.);
#2779=ADVANCED_FACE('',(#385),#287,.T.);
#2780=ADVANCED_FACE('',(#386),#2651,.T.);
#2781=ADVANCED_FACE('',(#387),#194,.F.);
#2782=ADVANCED_FACE('',(#388),#288,.F.);
#2783=ADVANCED_FACE('',(#389),#289,.T.);
#2784=ADVANCED_FACE('',(#390),#195,.F.);
#2785=ADVANCED_FACE('',(#391),#13,.F.);
#2786=ADVANCED_FACE('',(#392),#14,.F.);
#2787=ADVANCED_FACE('',(#393),#15,.F.);
#2788=ADVANCED_FACE('',(#394),#16,.F.);
#2789=ADVANCED_FACE('',(#395),#2652,.T.);
#2790=ADVANCED_FACE('',(#396),#2653,.T.);
#2791=ADVANCED_FACE('',(#397),#2654,.T.);
#2792=ADVANCED_FACE('',(#398),#17,.T.);
#2793=ADVANCED_FACE('',(#399),#2655,.T.);
#2794=ADVANCED_FACE('',(#400),#2656,.T.);
#2795=ADVANCED_FACE('',(#401),#2657,.T.);
#2796=ADVANCED_FACE('',(#402),#18,.T.);
#2797=ADVANCED_FACE('',(#403),#2658,.T.);
#2798=ADVANCED_FACE('',(#404),#2659,.T.);
#2799=ADVANCED_FACE('',(#405),#2660,.T.);
#2800=ADVANCED_FACE('',(#406),#19,.T.);
#2801=ADVANCED_FACE('',(#407),#2661,.T.);
#2802=ADVANCED_FACE('',(#408),#2662,.T.);
#2803=ADVANCED_FACE('',(#409),#2663,.T.);
#2804=ADVANCED_FACE('',(#410),#20,.T.);
#2805=ADVANCED_FACE('',(#411),#2664,.T.);
#2806=ADVANCED_FACE('',(#412),#21,.T.);
#2807=ADVANCED_FACE('',(#413),#2665,.T.);
#2808=ADVANCED_FACE('',(#414),#2666,.T.);
#2809=ADVANCED_FACE('',(#415),#2667,.T.);
#2810=ADVANCED_FACE('',(#416),#22,.T.);
#2811=ADVANCED_FACE('',(#417),#2668,.T.);
#2812=ADVANCED_FACE('',(#418),#2669,.T.);
#2813=ADVANCED_FACE('',(#419),#2670,.T.);
#2814=ADVANCED_FACE('',(#420),#23,.T.);
#2815=ADVANCED_FACE('',(#421),#2671,.T.);
#2816=ADVANCED_FACE('',(#422),#2672,.T.);
#2817=ADVANCED_FACE('',(#423),#2673,.T.);
#2818=ADVANCED_FACE('',(#424),#24,.T.);
#2819=ADVANCED_FACE('',(#425),#2674,.T.);
#2820=ADVANCED_FACE('',(#426),#2675,.T.);
#2821=ADVANCED_FACE('',(#427),#2676,.T.);
#2822=ADVANCED_FACE('',(#428,#110),#2677,.T.);
#2823=ADVANCED_FACE('',(#429,#111,#112,#113,#114,#115),#2678,.F.);
#2824=ADVANCED_FACE('',(#430),#196,.T.);
#2825=ADVANCED_FACE('',(#431),#2679,.T.);
#2826=ADVANCED_FACE('',(#432),#197,.T.);
#2827=ADVANCED_FACE('',(#433),#2680,.T.);
#2828=ADVANCED_FACE('',(#434),#2681,.T.);
#2829=ADVANCED_FACE('',(#435),#198,.T.);
#2830=ADVANCED_FACE('',(#436),#2682,.T.);
#2831=ADVANCED_FACE('',(#437),#199,.T.);
#2832=ADVANCED_FACE('',(#438),#2683,.T.);
#2833=CLOSED_SHELL('',(#2684,#2685,#2686,#2687,#2688,#2689,#2690,#2691,
#2692,#2693,#2694,#2695,#2696,#2697,#2698,#2699,#2700,#2701,#2702,#2703,
#2704,#2705,#2706,#2707,#2708,#2709,#2710,#2711,#2712,#2713,#2714,#2715,
#2716,#2717,#2718,#2719,#2720,#2721,#2722,#2723,#2724,#2725,#2726,#2727,
#2728,#2729,#2730,#2731,#2732,#2733,#2734,#2735,#2736,#2737,#2738,#2739,
#2740,#2741,#2742,#2743,#2744,#2745,#2746,#2747,#2748,#2749,#2750,#2751,
#2752,#2753,#2754,#2755,#2756,#2757,#2758,#2759,#2760,#2761,#2762,#2763,
#2764,#2765,#2766,#2767,#2768));
#2834=CLOSED_SHELL('',(#2769,#2770,#2771,#2772,#2773,#2774,#2775,#2776,
#2777,#2778,#2779,#2780,#2781,#2782,#2783,#2784,#2785,#2786,#2787,#2788,
#2789,#2790,#2791,#2792,#2793,#2794,#2795,#2796,#2797,#2798,#2799,#2800,
#2801,#2802,#2803,#2804,#2805,#2806,#2807,#2808,#2809,#2810,#2811,#2812,
#2813,#2814,#2815,#2816,#2817,#2818,#2819,#2820,#2821,#2822,#2823,#2824,
#2825,#2826,#2827,#2828,#2829,#2830,#2831,#2832));
#2835=DERIVED_UNIT_ELEMENT(#2837,1.);
#2836=DERIVED_UNIT_ELEMENT(#5326,-3.);
#2837=(
MASS_UNIT()
NAMED_UNIT(*)
SI_UNIT(.KILO.,.GRAM.)
);
#2838=DERIVED_UNIT((#2835,#2836));
#2839=MEASURE_REPRESENTATION_ITEM('density measure',
POSITIVE_RATIO_MEASURE(7850.),#2838);
#2840=PROPERTY_DEFINITION_REPRESENTATION(#2845,#2842);
#2841=PROPERTY_DEFINITION_REPRESENTATION(#2846,#2843);
#2842=REPRESENTATION('material name',(#2844),#5323);
#2843=REPRESENTATION('density',(#2839),#5323);
#2844=DESCRIPTIVE_REPRESENTATION_ITEM('Steel','Steel');
#2845=PROPERTY_DEFINITION('material property','material name',#5333);
#2846=PROPERTY_DEFINITION('material property','density of part',#5333);
#2847=AXIS2_PLACEMENT_3D('',#3813,#3083,#3084);
#2848=AXIS2_PLACEMENT_3D('',#3814,#3085,#3086);
#2849=AXIS2_PLACEMENT_3D('',#3823,#3091,#3092);
#2850=AXIS2_PLACEMENT_3D('',#3825,#3093,#3094);
#2851=AXIS2_PLACEMENT_3D('',#3828,#3096,#3097);
#2852=AXIS2_PLACEMENT_3D('',#3829,#3098,#3099);
#2853=AXIS2_PLACEMENT_3D('',#3835,#3103,#3104);
#2854=AXIS2_PLACEMENT_3D('',#3837,#3105,#3106);
#2855=AXIS2_PLACEMENT_3D('',#3840,#3108,#3109);
#2856=AXIS2_PLACEMENT_3D('',#3841,#3110,#3111);
#2857=AXIS2_PLACEMENT_3D('',#3847,#3115,#3116);
#2858=AXIS2_PLACEMENT_3D('',#3849,#3117,#3118);
#2859=AXIS2_PLACEMENT_3D('',#3852,#3120,#3121);
#2860=AXIS2_PLACEMENT_3D('',#3853,#3122,#3123);
#2861=AXIS2_PLACEMENT_3D('',#3859,#3127,#3128);
#2862=AXIS2_PLACEMENT_3D('',#3860,#3129,#3130);
#2863=AXIS2_PLACEMENT_3D('',#3861,#3131,#3132);
#2864=AXIS2_PLACEMENT_3D('',#3862,#3133,#3134);
#2865=AXIS2_PLACEMENT_3D('',#3881,#3138,#3139);
#2866=AXIS2_PLACEMENT_3D('',#3885,#3142,#3143);
#2867=AXIS2_PLACEMENT_3D('',#3902,#3146,#3147);
#2868=AXIS2_PLACEMENT_3D('',#3906,#3150,#3151);
#2869=AXIS2_PLACEMENT_3D('',#3908,#3152,#3153);
#2870=AXIS2_PLACEMENT_3D('',#3910,#3154,#3155);
#2871=AXIS2_PLACEMENT_3D('',#3912,#3156,#3157);
#2872=AXIS2_PLACEMENT_3D('',#3914,#3158,#3159);
#2873=AXIS2_PLACEMENT_3D('',#3916,#3160,#3161);
#2874=AXIS2_PLACEMENT_3D('',#3918,#3162,#3163);
#2875=AXIS2_PLACEMENT_3D('',#3920,#3164,#3165);
#2876=AXIS2_PLACEMENT_3D('',#3922,#3166,#3167);
#2877=AXIS2_PLACEMENT_3D('',#3924,#3168,#3169);
#2878=AXIS2_PLACEMENT_3D('',#3926,#3170,#3171);
#2879=AXIS2_PLACEMENT_3D('',#3928,#3172,#3173);
#2880=AXIS2_PLACEMENT_3D('',#3930,#3174,#3175);
#2881=AXIS2_PLACEMENT_3D('',#3932,#3176,#3177);
#2882=AXIS2_PLACEMENT_3D('',#3934,#3178,#3179);
#2883=AXIS2_PLACEMENT_3D('',#3936,#3180,#3181);
#2884=AXIS2_PLACEMENT_3D('',#3938,#3182,#3183);
#2885=AXIS2_PLACEMENT_3D('',#3940,#3184,#3185);
#2886=AXIS2_PLACEMENT_3D('',#3942,#3186,#3187);
#2887=AXIS2_PLACEMENT_3D('',#3943,#3188,#3189);
#2888=AXIS2_PLACEMENT_3D('',#3945,#3190,#3191);
#2889=AXIS2_PLACEMENT_3D('',#3948,#3193,#3194);
#2890=AXIS2_PLACEMENT_3D('',#3949,#3195,#3196);
#2891=AXIS2_PLACEMENT_3D('',#3952,#3197,#3198);
#2892=AXIS2_PLACEMENT_3D('',#3956,#3200,#3201);
#2893=AXIS2_PLACEMENT_3D('',#3958,#3203,#3204);
#2894=AXIS2_PLACEMENT_3D('',#3964,#3208,#3209);
#2895=AXIS2_PLACEMENT_3D('',#3967,#3210,#3211);
#2896=AXIS2_PLACEMENT_3D('',#3971,#3213,#3214);
#2897=AXIS2_PLACEMENT_3D('',#3975,#3216,#3217);
#2898=AXIS2_PLACEMENT_3D('',#3979,#3219,#3220);
#2899=AXIS2_PLACEMENT_3D('',#3982,#3222,#3223);
#2900=AXIS2_PLACEMENT_3D('',#3984,#3224,#3225);
#2901=AXIS2_PLACEMENT_3D('',#3986,#3226,#3227);
#2902=AXIS2_PLACEMENT_3D('',#3988,#3228,#3229);
#2903=AXIS2_PLACEMENT_3D('',#3996,#3233,#3234);
#2904=AXIS2_PLACEMENT_3D('',#4004,#3238,#3239);
#2905=AXIS2_PLACEMENT_3D('',#4012,#3243,#3244);
#2906=AXIS2_PLACEMENT_3D('',#4016,#3247,#3248);
#2907=AXIS2_PLACEMENT_3D('',#4020,#3250,#3251);
#2908=AXIS2_PLACEMENT_3D('',#4022,#3253,#3254);
#2909=AXIS2_PLACEMENT_3D('',#4026,#3257,#3258);
#2910=AXIS2_PLACEMENT_3D('',#4029,#3259,#3260);
#2911=AXIS2_PLACEMENT_3D('',#4032,#3263,#3264);
#2912=AXIS2_PLACEMENT_3D('',#4036,#3267,#3268);
#2913=AXIS2_PLACEMENT_3D('',#4039,#3269,#3270);
#2914=AXIS2_PLACEMENT_3D('',#4042,#3273,#3274);
#2915=AXIS2_PLACEMENT_3D('',#4046,#3277,#3278);
#2916=AXIS2_PLACEMENT_3D('',#4048,#3279,#3280);
#2917=AXIS2_PLACEMENT_3D('',#4051,#3282,#3283);
#2918=AXIS2_PLACEMENT_3D('',#4052,#3284,#3285);
#2919=AXIS2_PLACEMENT_3D('',#4054,#3286,#3287);
#2920=AXIS2_PLACEMENT_3D('',#4057,#3289,#3290);
#2921=AXIS2_PLACEMENT_3D('',#4058,#3291,#3292);
#2922=AXIS2_PLACEMENT_3D('',#4060,#3293,#3294);
#2923=AXIS2_PLACEMENT_3D('',#4063,#3296,#3297);
#2924=AXIS2_PLACEMENT_3D('',#4064,#3298,#3299);
#2925=AXIS2_PLACEMENT_3D('',#4073,#3304,#3305);
#2926=AXIS2_PLACEMENT_3D('',#4075,#3306,#3307);
#2927=AXIS2_PLACEMENT_3D('',#4077,#3308,#3309);
#2928=AXIS2_PLACEMENT_3D('',#4079,#3311,#3312);
#2929=AXIS2_PLACEMENT_3D('',#4085,#3316,#3317);
#2930=AXIS2_PLACEMENT_3D('',#4086,#3318,#3319);
#2931=AXIS2_PLACEMENT_3D('',#4087,#3320,#3321);
#2932=AXIS2_PLACEMENT_3D('',#4088,#3322,#3323);
#2933=AXIS2_PLACEMENT_3D('',#4107,#3327,#3328);
#2934=AXIS2_PLACEMENT_3D('',#4110,#3331,#3332);
#2935=AXIS2_PLACEMENT_3D('',#4116,#3336,#3337);
#2936=AXIS2_PLACEMENT_3D('',#4135,#3341,#3342);
#2937=AXIS2_PLACEMENT_3D('',#4152,#3345,#3346);
#2938=AXIS2_PLACEMENT_3D('',#4155,#3349,#3350);
#2939=AXIS2_PLACEMENT_3D('',#4165,#3356,#3357);
#2940=AXIS2_PLACEMENT_3D('',#4167,#3359,#3360);
#2941=AXIS2_PLACEMENT_3D('',#4182,#3362,#3363);
#2942=AXIS2_PLACEMENT_3D('',#4198,#3366,#3367);
#2943=AXIS2_PLACEMENT_3D('',#4200,#3369,#3370);
#2944=AXIS2_PLACEMENT_3D('',#4201,#3371,#3372);
#2945=AXIS2_PLACEMENT_3D('',#4205,#3375,#3376);
#2946=AXIS2_PLACEMENT_3D('',#4219,#3378,#3379);
#2947=AXIS2_PLACEMENT_3D('',#4221,#3381,#3382);
#2948=AXIS2_PLACEMENT_3D('',#4223,#3384,#3385);
#2949=AXIS2_PLACEMENT_3D('',#4226,#3387,#3388);
#2950=AXIS2_PLACEMENT_3D('',#4227,#3389,#3390);
#2951=AXIS2_PLACEMENT_3D('',#4228,#3391,#3392);
#2952=AXIS2_PLACEMENT_3D('',#4231,#3394,#3395);
#2953=AXIS2_PLACEMENT_3D('',#4232,#3396,#3397);
#2954=AXIS2_PLACEMENT_3D('',#4233,#3398,#3399);
#2955=AXIS2_PLACEMENT_3D('',#4236,#3401,#3402);
#2956=AXIS2_PLACEMENT_3D('',#4237,#3403,#3404);
#2957=AXIS2_PLACEMENT_3D('',#4238,#3405,#3406);
#2958=AXIS2_PLACEMENT_3D('',#4241,#3408,#3409);
#2959=AXIS2_PLACEMENT_3D('',#4242,#3410,#3411);
#2960=AXIS2_PLACEMENT_3D('',#4243,#3412,#3413);
#2961=AXIS2_PLACEMENT_3D('',#4257,#3422,#3423);
#2962=AXIS2_PLACEMENT_3D('',#4259,#3424,#3425);
#2963=AXIS2_PLACEMENT_3D('',#4261,#3426,#3427);
#2964=AXIS2_PLACEMENT_3D('',#4263,#3428,#3429);
#2965=AXIS2_PLACEMENT_3D('',#4265,#3430,#3431);
#2966=AXIS2_PLACEMENT_3D('',#4267,#3432,#3433);
#2967=AXIS2_PLACEMENT_3D('',#4269,#3434,#3435);
#2968=AXIS2_PLACEMENT_3D('',#4271,#3436,#3437);
#2969=AXIS2_PLACEMENT_3D('',#4273,#3438,#3439);
#2970=AXIS2_PLACEMENT_3D('',#4275,#3440,#3441);
#2971=AXIS2_PLACEMENT_3D('',#4277,#3442,#3443);
#2972=AXIS2_PLACEMENT_3D('',#4279,#3444,#3445);
#2973=AXIS2_PLACEMENT_3D('',#4281,#3446,#3447);
#2974=AXIS2_PLACEMENT_3D('',#4283,#3448,#3449);
#2975=AXIS2_PLACEMENT_3D('',#4285,#3450,#3451);
#2976=AXIS2_PLACEMENT_3D('',#4287,#3452,#3453);
#2977=AXIS2_PLACEMENT_3D('',#4289,#3454,#3455);
#2978=AXIS2_PLACEMENT_3D('',#4291,#3456,#3457);
#2979=AXIS2_PLACEMENT_3D('',#4292,#3458,#3459);
#2980=AXIS2_PLACEMENT_3D('',#4294,#3461,#3462);
#2981=AXIS2_PLACEMENT_3D('',#4296,#3464,#3465);
#2982=AXIS2_PLACEMENT_3D('',#4297,#3466,#3467);
#2983=AXIS2_PLACEMENT_3D('',#4299,#3469,#3470);
#2984=AXIS2_PLACEMENT_3D('',#4300,#3471,#3472);
#2985=AXIS2_PLACEMENT_3D('',#4302,#3474,#3475);
#2986=AXIS2_PLACEMENT_3D('',#4303,#3476,#3477);
#2987=AXIS2_PLACEMENT_3D('',#4304,#3478,#3479);
#2988=AXIS2_PLACEMENT_3D('',#4305,#3480,#3481);
#2989=AXIS2_PLACEMENT_3D('',#4306,#3482,#3483);
#2990=AXIS2_PLACEMENT_3D('',#4308,#3485,#3486);
#2991=AXIS2_PLACEMENT_3D('',#4309,#3487,#3488);
#2992=AXIS2_PLACEMENT_3D('',#4311,#3490,#3491);
#2993=AXIS2_PLACEMENT_3D('',#4313,#3493,#3494);
#2994=AXIS2_PLACEMENT_3D('',#4315,#3496,#3497);
#2995=AXIS2_PLACEMENT_3D('',#4317,#3499,#3500);
#2996=AXIS2_PLACEMENT_3D('',#4319,#3502,#3503);
#2997=AXIS2_PLACEMENT_3D('',#4321,#3505,#3506);
#2998=AXIS2_PLACEMENT_3D('',#4323,#3508,#3509);
#2999=AXIS2_PLACEMENT_3D('',#4325,#3511,#3512);
#3000=AXIS2_PLACEMENT_3D('',#4327,#3514,#3515);
#3001=AXIS2_PLACEMENT_3D('',#4329,#3517,#3518);
#3002=AXIS2_PLACEMENT_3D('',#4331,#3520,#3521);
#3003=AXIS2_PLACEMENT_3D('',#4333,#3523,#3524);
#3004=AXIS2_PLACEMENT_3D('',#4335,#3526,#3527);
#3005=AXIS2_PLACEMENT_3D('',#4337,#3529,#3530);
#3006=AXIS2_PLACEMENT_3D('',#4339,#3532,#3533);
#3007=AXIS2_PLACEMENT_3D('',#4341,#3535,#3536);
#3008=AXIS2_PLACEMENT_3D('',#4343,#3538,#3539);
#3009=AXIS2_PLACEMENT_3D('',#4345,#3541,#3542);
#3010=AXIS2_PLACEMENT_3D('',#4352,#3543,#3544);
#3011=AXIS2_PLACEMENT_3D('',#4359,#3546,#3547);
#3012=AXIS2_PLACEMENT_3D('',#4374,#3548,#3549);
#3013=AXIS2_PLACEMENT_3D('',#4378,#3551,#3552);
#3014=AXIS2_PLACEMENT_3D('',#4380,#3554,#3555);
#3015=AXIS2_PLACEMENT_3D('',#4394,#3559,#3560);
#3016=AXIS2_PLACEMENT_3D('',#4397,#3562,#3563);
#3017=AXIS2_PLACEMENT_3D('',#4398,#3564,#3565);
#3018=AXIS2_PLACEMENT_3D('',#4405,#3566,#3567);
#3019=AXIS2_PLACEMENT_3D('',#4408,#3569,#3570);
#3020=AXIS2_PLACEMENT_3D('',#4410,#3571,#3572);
#3021=AXIS2_PLACEMENT_3D('',#4425,#3573,#3574);
#3022=AXIS2_PLACEMENT_3D('',#4437,#3579,#3580);
#3023=AXIS2_PLACEMENT_3D('',#4440,#3582,#3583);
#3024=AXIS2_PLACEMENT_3D('',#4441,#3584,#3585);
#3025=AXIS2_PLACEMENT_3D('',#4444,#3588,#3589);
#3026=AXIS2_PLACEMENT_3D('',#4447,#3591,#3592);
#3027=AXIS2_PLACEMENT_3D('',#4448,#3593,#3594);
#3028=AXIS2_PLACEMENT_3D('',#4451,#3596,#3597);
#3029=AXIS2_PLACEMENT_3D('',#4453,#3598,#3599);
#3030=AXIS2_PLACEMENT_3D('',#4468,#3600,#3601);
#3031=AXIS2_PLACEMENT_3D('',#4471,#3603,#3604);
#3032=AXIS2_PLACEMENT_3D('',#4472,#3605,#3606);
#3033=AXIS2_PLACEMENT_3D('',#4482,#3610,#3611);
#3034=AXIS2_PLACEMENT_3D('',#4485,#3613,#3614);
#3035=AXIS2_PLACEMENT_3D('',#4486,#3615,#3616);
#3036=AXIS2_PLACEMENT_3D('',#4488,#3617,#3618);
#3037=AXIS2_PLACEMENT_3D('',#4491,#3620,#3621);
#3038=AXIS2_PLACEMENT_3D('',#4492,#3622,#3623);
#3039=AXIS2_PLACEMENT_3D('',#4503,#3624,#3625);
#3040=AXIS2_PLACEMENT_3D('',#4504,#3626,#3627);
#3041=AXIS2_PLACEMENT_3D('',#4505,#3628,#3629);
#3042=AXIS2_PLACEMENT_3D('',#4508,#3631,#3632);
#3043=AXIS2_PLACEMENT_3D('',#4741,#3641,#3642);
#3044=AXIS2_PLACEMENT_3D('',#4762,#3655,#3656);
#3045=AXIS2_PLACEMENT_3D('',#4768,#3660,#3661);
#3046=AXIS2_PLACEMENT_3D('',#4814,#3665,#3666);
#3047=AXIS2_PLACEMENT_3D('',#4818,#3669,#3670);
#3048=AXIS2_PLACEMENT_3D('',#4822,#3673,#3674);
#3049=AXIS2_PLACEMENT_3D('',#4868,#3678,#3679);
#3050=AXIS2_PLACEMENT_3D('',#4872,#3682,#3683);
#3051=AXIS2_PLACEMENT_3D('',#4876,#3686,#3687);
#3052=AXIS2_PLACEMENT_3D('',#4922,#3691,#3692);
#3053=AXIS2_PLACEMENT_3D('',#4926,#3695,#3696);
#3054=AXIS2_PLACEMENT_3D('',#4930,#3699,#3700);
#3055=AXIS2_PLACEMENT_3D('',#4976,#3704,#3705);
#3056=AXIS2_PLACEMENT_3D('',#5040,#3709,#3710);
#3057=AXIS2_PLACEMENT_3D('',#5046,#3714,#3715);
#3058=AXIS2_PLACEMENT_3D('',#5052,#3719,#3720);
#3059=AXIS2_PLACEMENT_3D('',#5117,#3725,#3726);
#3060=AXIS2_PLACEMENT_3D('',#5123,#3730,#3731);
#3061=AXIS2_PLACEMENT_3D('',#5129,#3735,#3736);
#3062=AXIS2_PLACEMENT_3D('',#5194,#3741,#3742);
#3063=AXIS2_PLACEMENT_3D('',#5200,#3746,#3747);
#3064=AXIS2_PLACEMENT_3D('',#5206,#3751,#3752);
#3065=AXIS2_PLACEMENT_3D('',#5271,#3757,#3758);
#3066=AXIS2_PLACEMENT_3D('',#5277,#3762,#3763);
#3067=AXIS2_PLACEMENT_3D('',#5283,#3767,#3768);
#3068=AXIS2_PLACEMENT_3D('',#5286,#3771,#3772);
#3069=AXIS2_PLACEMENT_3D('',#5287,#3773,#3774);
#3070=AXIS2_PLACEMENT_3D('',#5292,#3776,#3777);
#3071=AXIS2_PLACEMENT_3D('',#5296,#3779,#3780);
#3072=AXIS2_PLACEMENT_3D('',#5300,#3782,#3783);
#3073=AXIS2_PLACEMENT_3D('',#5303,#3785,#3786);
#3074=AXIS2_PLACEMENT_3D('',#5304,#3787,#3788);
#3075=AXIS2_PLACEMENT_3D('',#5307,#3791,#3792);
#3076=AXIS2_PLACEMENT_3D('',#5309,#3794,#3795);
#3077=AXIS2_PLACEMENT_3D('',#5311,#3797,#3798);
#3078=AXIS2_PLACEMENT_3D('',#5313,#3800,#3801);
#3079=AXIS2_PLACEMENT_3D('',#5314,#3802,#3803);
#3080=AXIS2_PLACEMENT_3D('',#5316,#3805,#3806);
#3081=AXIS2_PLACEMENT_3D('',#5318,#3808,#3809);
#3082=AXIS2_PLACEMENT_3D('',#5320,#3811,#3812);
#3083=DIRECTION('axis',(0.,0.,1.));
#3084=DIRECTION('refdir',(1.,0.,0.));
#3085=DIRECTION('center_axis',(0.,0.70710678118655,0.707106781186545));
#3086=DIRECTION('ref_axis',(1.,0.,0.));
#3087=DIRECTION('',(0.,-0.707106781186545,0.70710678118655));
#3088=DIRECTION('',(1.,0.,0.));
#3089=DIRECTION('',(0.,0.707106781186545,-0.70710678118655));
#3090=DIRECTION('',(-1.,0.,0.));
#3091=DIRECTION('center_axis',(0.,0.,-1.));
#3092=DIRECTION('ref_axis',(-0.707106781186547,0.707106781186547,0.));
#3093=DIRECTION('center_axis',(0.,0.,1.));
#3094=DIRECTION('ref_axis',(-0.707106781186547,0.707106781186547,0.));
#3095=DIRECTION('',(0.707106781186547,0.,0.707106781186548));
#3096=DIRECTION('center_axis',(0.,0.,-1.));
#3097=DIRECTION('ref_axis',(-0.707106781186547,0.707106781186547,0.));
#3098=DIRECTION('center_axis',(-0.707106781186547,0.,0.707106781186548));
#3099=DIRECTION('ref_axis',(0.707106781186548,0.,0.707106781186547));
#3100=DIRECTION('',(0.707106781186548,0.,0.707106781186547));
#3101=DIRECTION('',(0.,1.,0.));
#3102=DIRECTION('',(0.,-1.,0.));
#3103=DIRECTION('center_axis',(0.,0.,-1.));
#3104=DIRECTION('ref_axis',(-0.707106781186548,-0.707106781186548,0.));
#3105=DIRECTION('center_axis',(0.,0.,1.));
#3106=DIRECTION('ref_axis',(-0.707106781186547,-0.707106781186547,0.));
#3107=DIRECTION('',(0.,0.707106781186547,0.707106781186548));
#3108=DIRECTION('center_axis',(0.,0.,-1.));
#3109=DIRECTION('ref_axis',(-0.707106781186548,-0.707106781186548,0.));
#3110=DIRECTION('center_axis',(-1.10649347556024E-33,-0.707106781186547,
0.707106781186548));
#3111=DIRECTION('ref_axis',(1.,0.,1.56481807981463E-33));
#3112=DIRECTION('',(0.,0.707106781186548,0.707106781186547));
#3113=DIRECTION('',(-1.,1.56481807981463E-33,0.));
#3114=DIRECTION('',(1.,-1.56481807981463E-33,0.));
#3115=DIRECTION('center_axis',(0.,0.,-1.));
#3116=DIRECTION('ref_axis',(0.707106781186548,-0.707106781186548,0.));
#3117=DIRECTION('center_axis',(0.,0.,1.));
#3118=DIRECTION('ref_axis',(0.707106781186547,-0.707106781186547,0.));
#3119=DIRECTION('',(-0.70710678118655,0.,0.707106781186545));
#3120=DIRECTION('center_axis',(0.,0.,-1.));
#3121=DIRECTION('ref_axis',(0.707106781186548,-0.707106781186548,0.));
#3122=DIRECTION('center_axis',(0.707106781186547,0.,0.707106781186548));
#3123=DIRECTION('ref_axis',(0.707106781186548,0.,-0.707106781186547));
#3124=DIRECTION('',(-0.707106781186548,0.,0.707106781186547));
#3125=DIRECTION('',(0.,-1.,0.));
#3126=DIRECTION('',(0.,1.,0.));
#3127=DIRECTION('center_axis',(0.,0.,-1.));
#3128=DIRECTION('ref_axis',(0.707106781186548,0.707106781186548,0.));
#3129=DIRECTION('center_axis',(0.,0.,1.));
#3130=DIRECTION('ref_axis',(0.707106781186547,0.707106781186547,0.));
#3131=DIRECTION('center_axis',(0.,0.,-1.));
#3132=DIRECTION('ref_axis',(0.707106781186547,0.707106781186547,0.));
#3133=DIRECTION('center_axis',(0.,0.,-1.));
#3134=DIRECTION('ref_axis',(-0.707106781186547,-0.707106781186547,0.));
#3135=DIRECTION('',(0.,0.,-1.));
#3136=DIRECTION('',(0.,1.,0.));
#3137=DIRECTION('',(0.,0.,1.));
#3138=DIRECTION('center_axis',(-1.,0.,0.));
#3139=DIRECTION('ref_axis',(0.,1.,0.));
#3140=DIRECTION('',(0.,0.,1.));
#3141=DIRECTION('',(0.,1.,0.));
#3142=DIRECTION('center_axis',(0.,0.,-1.));
#3143=DIRECTION('ref_axis',(-0.707106781186547,0.707106781186547,0.));
#3144=DIRECTION('',(0.,0.,-1.));
#3145=DIRECTION('',(0.,1.,0.));
#3146=DIRECTION('center_axis',(0.,1.,0.));
#3147=DIRECTION('ref_axis',(1.,0.,0.));
#3148=DIRECTION('',(0.,0.,1.));
#3149=DIRECTION('',(1.,0.,0.));
#3150=DIRECTION('center_axis',(0.,0.,1.));
#3151=DIRECTION('ref_axis',(1.,0.,0.));
#3152=DIRECTION('center_axis',(0.,0.,-1.));
#3153=DIRECTION('ref_axis',(1.,0.,0.));
#3154=DIRECTION('center_axis',(0.,0.,-1.));
#3155=DIRECTION('ref_axis',(1.,0.,0.));
#3156=DIRECTION('center_axis',(0.,0.,-1.));
#3157=DIRECTION('ref_axis',(1.,0.,0.));
#3158=DIRECTION('center_axis',(0.,0.,1.));
#3159=DIRECTION('ref_axis',(1.,0.,0.));
#3160=DIRECTION('center_axis',(0.,0.,1.));
#3161=DIRECTION('ref_axis',(1.,0.,0.));
#3162=DIRECTION('center_axis',(0.,0.,-1.));
#3163=DIRECTION('ref_axis',(1.,0.,0.));
#3164=DIRECTION('center_axis',(0.,0.,-1.));
#3165=DIRECTION('ref_axis',(1.,0.,0.));
#3166=DIRECTION('center_axis',(0.,0.,1.));
#3167=DIRECTION('ref_axis',(1.,0.,0.));
#3168=DIRECTION('center_axis',(0.,0.,1.));
#3169=DIRECTION('ref_axis',(1.,0.,0.));
#3170=DIRECTION('center_axis',(0.,0.,1.));
#3171=DIRECTION('ref_axis',(1.,0.,0.));
#3172=DIRECTION('center_axis',(0.,0.,1.));
#3173=DIRECTION('ref_axis',(1.,0.,0.));
#3174=DIRECTION('center_axis',(0.,0.,1.));
#3175=DIRECTION('ref_axis',(1.,0.,0.));
#3176=DIRECTION('center_axis',(0.,0.,1.));
#3177=DIRECTION('ref_axis',(1.,0.,0.));
#3178=DIRECTION('center_axis',(0.,0.,1.));
#3179=DIRECTION('ref_axis',(1.,0.,0.));
#3180=DIRECTION('center_axis',(0.,0.,1.));
#3181=DIRECTION('ref_axis',(1.,0.,0.));
#3182=DIRECTION('center_axis',(0.,0.,1.));
#3183=DIRECTION('ref_axis',(1.,0.,0.));
#3184=DIRECTION('center_axis',(0.,0.,-1.));
#3185=DIRECTION('ref_axis',(1.,0.,0.));
#3186=DIRECTION('center_axis',(0.,0.,1.));
#3187=DIRECTION('ref_axis',(1.,0.,0.));
#3188=DIRECTION('center_axis',(-1.,0.,0.));
#3189=DIRECTION('ref_axis',(0.,0.,-1.));
#3190=DIRECTION('center_axis',(-0.999048221581858,2.76116620236317E-17,
0.043619387365336));
#3191=DIRECTION('ref_axis',(-0.043619387365336,0.,-0.999048221581858));
#3192=DIRECTION('',(-1.,0.,0.));
#3193=DIRECTION('center_axis',(0.999541179145381,0.,-0.0302891266407691));
#3194=DIRECTION('ref_axis',(-0.0302891266407691,0.,-0.999541179145381));
#3195=DIRECTION('center_axis',(-0.0435779502517476,-0.0435779502517476,
0.99809915564723));
#3196=DIRECTION('ref_axis',(-0.705762681254723,-0.705762681254723,-0.0616285282664419));
#3197=DIRECTION('center_axis',(0.,0.,1.));
#3198=DIRECTION('ref_axis',(-0.707106781186548,-0.707106781186548,0.));
#3199=DIRECTION('',(-0.0435779502517476,-0.0435779502517476,0.99809915564723));
#3200=DIRECTION('center_axis',(0.,0.,1.));
#3201=DIRECTION('ref_axis',(-0.707106781186548,-0.707106781186548,0.));
#3202=DIRECTION('',(0.0435779502517476,0.0435779502517476,-0.99809915564723));
#3203=DIRECTION('center_axis',(0.,0.999048221581858,0.0436193873653359));
#3204=DIRECTION('ref_axis',(-1.,0.,0.));
#3205=DIRECTION('',(-1.,0.,0.));
#3206=DIRECTION('',(-0.0435779502517476,-0.0435779502517476,0.99809915564723));
#3207=DIRECTION('',(1.,0.,0.));
#3208=DIRECTION('center_axis',(0.,0.,1.));
#3209=DIRECTION('ref_axis',(1.,0.,0.));
#3210=DIRECTION('center_axis',(0.,0.,1.));
#3211=DIRECTION('ref_axis',(-0.707106781186548,0.707106781186547,0.));
#3212=DIRECTION('',(1.,0.,0.));
#3213=DIRECTION('center_axis',(0.,0.,1.));
#3214=DIRECTION('ref_axis',(0.707106781186547,0.707106781186547,0.));
#3215=DIRECTION('',(0.,-1.,0.));
#3216=DIRECTION('center_axis',(0.,0.,1.));
#3217=DIRECTION('ref_axis',(0.707106781186547,-0.707106781186547,0.));
#3218=DIRECTION('',(-1.,0.,0.));
#3219=DIRECTION('center_axis',(0.,0.,1.));
#3220=DIRECTION('ref_axis',(-0.707106781186547,-0.707106781186548,0.));
#3221=DIRECTION('',(2.75261906931857E-17,1.,0.));
#3222=DIRECTION('center_axis',(0.,0.,1.));
#3223=DIRECTION('ref_axis',(-1.,0.,0.));
#3224=DIRECTION('center_axis',(0.,0.,1.));
#3225=DIRECTION('ref_axis',(-1.,0.,0.));
#3226=DIRECTION('center_axis',(0.,0.,1.));
#3227=DIRECTION('ref_axis',(-1.,0.,0.));
#3228=DIRECTION('center_axis',(0.,0.,1.));
#3229=DIRECTION('ref_axis',(-1.,0.,0.));
#3230=DIRECTION('',(0.,1.,0.));
#3231=DIRECTION('',(-1.,0.,0.));
#3232=DIRECTION('',(0.,-1.,0.));
#3233=DIRECTION('center_axis',(0.,0.,1.));
#3234=DIRECTION('ref_axis',(0.707106781186548,-0.707106781186547,0.));
#3235=DIRECTION('',(-1.,0.,0.));
#3236=DIRECTION('',(-2.76379672443762E-17,-1.,0.));
#3237=DIRECTION('',(1.,0.,0.));
#3238=DIRECTION('center_axis',(0.,0.,1.));
#3239=DIRECTION('ref_axis',(0.707106781186548,0.707106781186548,0.));
#3240=DIRECTION('',(0.,-1.,0.));
#3241=DIRECTION('',(1.,-2.64338815386942E-17,0.));
#3242=DIRECTION('',(0.,1.,0.));
#3243=DIRECTION('center_axis',(0.,0.,1.));
#3244=DIRECTION('ref_axis',(-0.707106781186547,0.707106781186548,0.));
#3245=DIRECTION('',(1.,0.,0.));
#3246=DIRECTION('',(0.,1.,0.));
#3247=DIRECTION('center_axis',(0.0435779502517478,-0.0435779502517476,0.99809915564723));
#3248=DIRECTION('ref_axis',(0.705762681254724,-0.705762681254723,-0.0616285282664419));
#3249=DIRECTION('',(0.0435779502517478,-0.0435779502517476,0.99809915564723));
#3250=DIRECTION('center_axis',(0.,0.,1.));
#3251=DIRECTION('ref_axis',(0.707106781186548,-0.707106781186547,0.));
#3252=DIRECTION('',(-0.0435779502517478,0.0435779502517476,-0.99809915564723));
#3253=DIRECTION('center_axis',(-0.999048221581858,0.,0.043619387365336));
#3254=DIRECTION('ref_axis',(0.,-1.,0.));
#3255=DIRECTION('',(0.0435779502517478,-0.0435779502517476,0.99809915564723));
#3256=DIRECTION('',(0.,1.,0.));
#3257=DIRECTION('center_axis',(-0.0435779502517476,0.0435779502517478,0.99809915564723));
#3258=DIRECTION('ref_axis',(-0.705762681254723,0.705762681254724,-0.0616285282664419));
#3259=DIRECTION('center_axis',(0.,0.,1.));
#3260=DIRECTION('ref_axis',(-0.707106781186547,0.707106781186548,0.));
#3261=DIRECTION('',(0.0435779502517476,-0.0435779502517478,-0.99809915564723));
#3262=DIRECTION('',(-0.0435779502517476,0.0435779502517478,0.99809915564723));
#3263=DIRECTION('center_axis',(0.999048221581858,0.,0.0436193873653359));
#3264=DIRECTION('ref_axis',(0.,1.,0.));
#3265=DIRECTION('',(-0.0435779502517476,0.0435779502517478,0.99809915564723));
#3266=DIRECTION('',(0.,-1.,0.));
#3267=DIRECTION('center_axis',(0.0435779502517479,0.0435779502517478,0.99809915564723));
#3268=DIRECTION('ref_axis',(0.705762681254723,0.705762681254723,-0.0616285282664419));
#3269=DIRECTION('center_axis',(0.,0.,1.));
#3270=DIRECTION('ref_axis',(0.707106781186548,0.707106781186548,0.));
#3271=DIRECTION('',(-0.0435779502517479,-0.0435779502517478,-0.99809915564723));
#3272=DIRECTION('',(0.0435779502517479,0.0435779502517478,0.99809915564723));
#3273=DIRECTION('center_axis',(0.,-0.999048221581858,0.043619387365336));
#3274=DIRECTION('ref_axis',(1.,0.,0.));
#3275=DIRECTION('',(0.0435779502517478,0.0435779502517478,0.99809915564723));
#3276=DIRECTION('',(-1.,0.,0.));
#3277=DIRECTION('center_axis',(0.,1.,0.));
#3278=DIRECTION('ref_axis',(1.,0.,0.));
#3279=DIRECTION('center_axis',(0.,0.999048221581858,0.0436193873653359));
#3280=DIRECTION('ref_axis',(0.,0.0436193873653359,-0.999048221581858));
#3281=DIRECTION('',(0.,1.,0.));
#3282=DIRECTION('center_axis',(0.,-0.999885235553648,-0.0151497762962676));
#3283=DIRECTION('ref_axis',(0.,0.0151497762962676,-0.999885235553648));
#3284=DIRECTION('center_axis',(0.,1.,0.));
#3285=DIRECTION('ref_axis',(1.,0.,0.));
#3286=DIRECTION('center_axis',(0.,0.999048221581858,0.0436193873653359));
#3287=DIRECTION('ref_axis',(0.,0.0436193873653359,-0.999048221581858));
#3288=DIRECTION('',(0.,1.,0.));
#3289=DIRECTION('center_axis',(0.,-0.999885235553648,-0.0151497762962676));
#3290=DIRECTION('ref_axis',(0.,0.0151497762962676,-0.999885235553648));
#3291=DIRECTION('center_axis',(0.,1.,0.));
#3292=DIRECTION('ref_axis',(1.,0.,0.));
#3293=DIRECTION('center_axis',(0.,0.999048221581858,0.0436193873653359));
#3294=DIRECTION('ref_axis',(0.,0.0436193873653359,-0.999048221581858));
#3295=DIRECTION('',(0.,1.,0.));
#3296=DIRECTION('center_axis',(0.,-0.999885235553648,-0.0151497762962676));
#3297=DIRECTION('ref_axis',(0.,0.0151497762962676,-0.999885235553648));
#3298=DIRECTION('center_axis',(0.,0.,1.));
#3299=DIRECTION('ref_axis',(0.,-1.,0.));
#3300=DIRECTION('',(0.,-1.,0.));
#3301=DIRECTION('',(1.,0.,0.));
#3302=DIRECTION('',(2.76379672443762E-17,1.,0.));
#3303=DIRECTION('',(1.,0.,0.));
#3304=DIRECTION('center_axis',(1.,0.,0.));
#3305=DIRECTION('ref_axis',(0.,0.,1.));
#3306=DIRECTION('center_axis',(0.999541179145381,0.,-0.0302891266407691));
#3307=DIRECTION('ref_axis',(0.0302891266407691,0.,0.999541179145381));
#3308=DIRECTION('center_axis',(-0.999048221581858,2.76116620236317E-17,
0.043619387365336));
#3309=DIRECTION('ref_axis',(0.043619387365336,0.,0.999048221581858));
#3310=DIRECTION('',(1.,0.,0.));
#3311=DIRECTION('center_axis',(0.,0.,-1.));
#3312=DIRECTION('ref_axis',(0.,1.,0.));
#3313=DIRECTION('',(0.,1.,0.));
#3314=DIRECTION('',(-2.76379672443762E-17,-1.,0.));
#3315=DIRECTION('',(-1.,0.,0.));
#3316=DIRECTION('center_axis',(1.,0.,0.));
#3317=DIRECTION('ref_axis',(0.,0.,-1.));
#3318=DIRECTION('center_axis',(0.999541179145381,0.,-0.0302891266407691));
#3319=DIRECTION('ref_axis',(-0.0302891266407691,0.,-0.999541179145381));
#3320=DIRECTION('center_axis',(-0.999048221581858,2.76116620236317E-17,
0.043619387365336));
#3321=DIRECTION('ref_axis',(-0.043619387365336,0.,-0.999048221581858));
#3322=DIRECTION('center_axis',(0.,0.,1.));
#3323=DIRECTION('ref_axis',(-0.707106781186548,0.707106781186547,0.));
#3324=DIRECTION('',(0.,0.,1.));
#3325=DIRECTION('',(2.75261906931857E-17,1.,9.0836429287513E-16));
#3326=DIRECTION('',(0.,0.,-1.));
#3327=DIRECTION('center_axis',(0.0302856537144674,-0.0151428268572339,0.999426572577425));
#3328=DIRECTION('ref_axis',(-0.706620239794542,0.706863468614709,0.0321227870939966));
#3329=DIRECTION('',(0.0302856537144674,-0.0151428268572339,0.999426572577425));
#3330=DIRECTION('',(-0.0302856537144674,0.0151428268572339,-0.999426572577425));
#3331=DIRECTION('center_axis',(0.999541179145381,0.,-0.0302891266407691));
#3332=DIRECTION('ref_axis',(-0.0302891266407691,0.,-0.999541179145381));
#3333=DIRECTION('',(2.75261906931857E-17,1.,9.0836429287513E-16));
#3334=DIRECTION('',(2.75261906931857E-17,1.,9.0836429287513E-16));
#3335=DIRECTION('',(-0.0302856537144674,-0.0151428268572339,-0.999426572577425));
#3336=DIRECTION('center_axis',(0.,0.,1.));
#3337=DIRECTION('ref_axis',(0.707106781186547,0.707106781186547,0.));
#3338=DIRECTION('',(0.,0.,1.));
#3339=DIRECTION('',(0.,-1.,0.));
#3340=DIRECTION('',(0.,0.,-1.));
#3341=DIRECTION('center_axis',(0.,0.,-1.));
#3342=DIRECTION('ref_axis',(0.707106781186547,0.707106781186547,0.));
#3343=DIRECTION('',(0.,0.,-1.));
#3344=DIRECTION('',(0.,-1.,0.));
#3345=DIRECTION('center_axis',(0.0302856537144673,0.0151428268572339,-0.999426572577425));
#3346=DIRECTION('ref_axis',(0.706620239794542,0.706863468614709,0.0321227870939966));
#3347=DIRECTION('',(0.0302856537144673,0.0151428268572339,-0.999426572577425));
#3348=DIRECTION('',(-0.0302856537144673,-0.0151428268572339,0.999426572577425));
#3349=DIRECTION('center_axis',(-0.999541179145381,0.,-0.030289126640769));
#3350=DIRECTION('ref_axis',(-0.030289126640769,0.,0.999541179145381));
#3351=DIRECTION('',(0.,-1.,0.));
#3352=DIRECTION('',(0.,-1.,0.));
#3353=DIRECTION('',(-0.0302856537144673,0.0151428268572339,0.999426572577425));
#3354=DIRECTION('',(0.,-1.,0.));
#3355=DIRECTION('',(0.,-1.,0.));
#3356=DIRECTION('center_axis',(1.,0.,0.));
#3357=DIRECTION('ref_axis',(0.,-1.,0.));
#3358=DIRECTION('',(0.,0.,1.));
#3359=DIRECTION('center_axis',(0.,0.,-1.));
#3360=DIRECTION('ref_axis',(0.707106781186547,-0.707106781186547,0.));
#3361=DIRECTION('',(0.,0.,-1.));
#3362=DIRECTION('center_axis',(0.,0.,1.));
#3363=DIRECTION('ref_axis',(0.707106781186547,-0.707106781186547,0.));
#3364=DIRECTION('',(0.,0.,1.));
#3365=DIRECTION('',(0.,0.,-1.));
#3366=DIRECTION('center_axis',(-0.0302856537144673,0.0151428268572339,0.999426572577425));
#3367=DIRECTION('ref_axis',(0.706620239794542,-0.706863468614709,0.0321227870939966));
#3368=DIRECTION('',(0.0302856537144673,-0.0151428268572339,-0.999426572577425));
#3369=DIRECTION('center_axis',(1.,0.,0.));
#3370=DIRECTION('ref_axis',(0.,1.,0.));
#3371=DIRECTION('center_axis',(0.,-1.,0.));
#3372=DIRECTION('ref_axis',(1.,0.,0.));
#3373=DIRECTION('',(1.,0.,0.));
#3374=DIRECTION('',(0.,0.,1.));
#3375=DIRECTION('center_axis',(0.,0.,1.));
#3376=DIRECTION('ref_axis',(-0.707106781186547,-0.707106781186548,0.));
#3377=DIRECTION('',(0.,0.,-1.));
#3378=DIRECTION('center_axis',(-0.0302856537144674,-0.0151428268572339,
-0.999426572577425));
#3379=DIRECTION('ref_axis',(-0.706620239794542,-0.706863468614709,0.0321227870939969));
#3380=DIRECTION('',(0.0302856537144674,0.0151428268572339,0.999426572577425));
#3381=DIRECTION('center_axis',(-1.56481807981463E-33,-1.,0.));
#3382=DIRECTION('ref_axis',(-1.,1.56481807981463E-33,0.));
#3383=DIRECTION('',(-1.,1.56481807981463E-33,0.));
#3384=DIRECTION('center_axis',(0.,0.,1.));
#3385=DIRECTION('ref_axis',(-1.,0.,0.));
#3386=DIRECTION('',(0.,0.,1.));
#3387=DIRECTION('center_axis',(0.,0.,1.));
#3388=DIRECTION('ref_axis',(-1.,0.,0.));
#3389=DIRECTION('center_axis',(0.,0.,-1.));
#3390=DIRECTION('ref_axis',(-1.,0.,0.));
#3391=DIRECTION('center_axis',(0.,0.,1.));
#3392=DIRECTION('ref_axis',(-1.,0.,0.));
#3393=DIRECTION('',(0.,0.,1.));
#3394=DIRECTION('center_axis',(0.,0.,1.));
#3395=DIRECTION('ref_axis',(-1.,0.,0.));
#3396=DIRECTION('center_axis',(0.,0.,-1.));
#3397=DIRECTION('ref_axis',(-1.,0.,0.));
#3398=DIRECTION('center_axis',(0.,0.,1.));
#3399=DIRECTION('ref_axis',(-1.,0.,0.));
#3400=DIRECTION('',(0.,0.,1.));
#3401=DIRECTION('center_axis',(0.,0.,1.));
#3402=DIRECTION('ref_axis',(-1.,0.,0.));
#3403=DIRECTION('center_axis',(0.,0.,-1.));
#3404=DIRECTION('ref_axis',(-1.,0.,0.));
#3405=DIRECTION('center_axis',(0.,0.,1.));
#3406=DIRECTION('ref_axis',(-1.,0.,0.));
#3407=DIRECTION('',(0.,0.,1.));
#3408=DIRECTION('center_axis',(0.,0.,1.));
#3409=DIRECTION('ref_axis',(-1.,0.,0.));
#3410=DIRECTION('center_axis',(0.,0.,-1.));
#3411=DIRECTION('ref_axis',(-1.,0.,0.));
#3412=DIRECTION('center_axis',(0.,0.,-1.));
#3413=DIRECTION('ref_axis',(-1.,0.,0.));
#3414=DIRECTION('',(-1.,2.64338815386942E-17,0.));
#3415=DIRECTION('',(0.,1.,0.));
#3416=DIRECTION('',(2.76379672443762E-17,1.,0.));
#3417=DIRECTION('',(1.,0.,0.));
#3418=DIRECTION('',(1.,0.,0.));
#3419=DIRECTION('',(0.,-1.,0.));
#3420=DIRECTION('',(0.,-1.,0.));
#3421=DIRECTION('',(-1.,0.,0.));
#3422=DIRECTION('center_axis',(0.,0.,1.));
#3423=DIRECTION('ref_axis',(1.,0.,0.));
#3424=DIRECTION('center_axis',(0.,0.,1.));
#3425=DIRECTION('ref_axis',(1.,0.,0.));
#3426=DIRECTION('center_axis',(0.,0.,1.));
#3427=DIRECTION('ref_axis',(1.,0.,0.));
#3428=DIRECTION('center_axis',(0.,0.,1.));
#3429=DIRECTION('ref_axis',(1.,0.,0.));
#3430=DIRECTION('center_axis',(0.,0.,-1.));
#3431=DIRECTION('ref_axis',(1.,0.,0.));
#3432=DIRECTION('center_axis',(0.,0.,-1.));
#3433=DIRECTION('ref_axis',(1.,0.,0.));
#3434=DIRECTION('center_axis',(0.,0.,1.));
#3435=DIRECTION('ref_axis',(1.,0.,0.));
#3436=DIRECTION('center_axis',(0.,0.,-1.));
#3437=DIRECTION('ref_axis',(1.,0.,0.));
#3438=DIRECTION('center_axis',(0.,0.,-1.));
#3439=DIRECTION('ref_axis',(1.,0.,0.));
#3440=DIRECTION('center_axis',(0.,0.,-1.));
#3441=DIRECTION('ref_axis',(1.,0.,0.));
#3442=DIRECTION('center_axis',(0.,0.,-1.));
#3443=DIRECTION('ref_axis',(1.,0.,0.));
#3444=DIRECTION('center_axis',(0.,0.,-1.));
#3445=DIRECTION('ref_axis',(1.,0.,0.));
#3446=DIRECTION('center_axis',(0.,0.,-1.));
#3447=DIRECTION('ref_axis',(1.,0.,0.));
#3448=DIRECTION('center_axis',(0.,0.,-1.));
#3449=DIRECTION('ref_axis',(1.,0.,0.));
#3450=DIRECTION('center_axis',(0.,0.,-1.));
#3451=DIRECTION('ref_axis',(1.,0.,0.));
#3452=DIRECTION('center_axis',(0.,0.,-1.));
#3453=DIRECTION('ref_axis',(1.,0.,0.));
#3454=DIRECTION('center_axis',(0.,0.,1.));
#3455=DIRECTION('ref_axis',(1.,0.,0.));
#3456=DIRECTION('center_axis',(0.,0.,-1.));
#3457=DIRECTION('ref_axis',(1.,0.,0.));
#3458=DIRECTION('center_axis',(-0.999048221581858,0.,0.0436193873653361));
#3459=DIRECTION('ref_axis',(0.,-1.,0.));
#3460=DIRECTION('',(0.0435779502517479,0.0435779502517478,0.99809915564723));
#3461=DIRECTION('center_axis',(-0.999048221581858,2.76116620236317E-17,
0.043619387365336));
#3462=DIRECTION('ref_axis',(-2.76379672443762E-17,-1.,0.));
#3463=DIRECTION('',(0.0435779502517478,-0.0435779502517476,0.99809915564723));
#3464=DIRECTION('center_axis',(0.,0.999048221581858,0.0436193873653359));
#3465=DIRECTION('ref_axis',(-1.,0.,0.));
#3466=DIRECTION('center_axis',(0.,0.999048221581858,0.0436193873653359));
#3467=DIRECTION('ref_axis',(-1.,0.,0.));
#3468=DIRECTION('',(-0.0435779502517476,-0.0435779502517476,0.99809915564723));
#3469=DIRECTION('center_axis',(0.999048221581858,0.,0.0436193873653359));
#3470=DIRECTION('ref_axis',(0.,1.,0.));
#3471=DIRECTION('center_axis',(0.999048221581858,0.,0.0436193873653359));
#3472=DIRECTION('ref_axis',(0.,1.,0.));
#3473=DIRECTION('',(-0.0435779502517476,0.0435779502517478,0.99809915564723));
#3474=DIRECTION('center_axis',(0.,-0.999048221581858,0.043619387365336));
#3475=DIRECTION('ref_axis',(1.,0.,0.));
#3476=DIRECTION('center_axis',(-2.64087223407379E-17,-0.999048221581858,
0.043619387365336));
#3477=DIRECTION('ref_axis',(1.,-2.64338815386942E-17,0.));
#3478=DIRECTION('center_axis',(0.,-0.999885235553648,0.0151497762962676));
#3479=DIRECTION('ref_axis',(0.,-0.0151497762962676,-0.999885235553647));
#3480=DIRECTION('center_axis',(-1.,2.75261906931857E-17,0.));
#3481=DIRECTION('ref_axis',(-2.75261906931857E-17,-1.,0.));
#3482=DIRECTION('center_axis',(0.,0.999885235553648,0.0151497762962676));
#3483=DIRECTION('ref_axis',(0.,-0.0151497762962676,0.999885235553647));
#3484=DIRECTION('',(-1.,0.,0.));
#3485=DIRECTION('center_axis',(0.,1.,0.));
#3486=DIRECTION('ref_axis',(-1.,0.,0.));
#3487=DIRECTION('center_axis',(0.,0.,-1.));
#3488=DIRECTION('ref_axis',(1.,0.,0.));
#3489=DIRECTION('',(0.,0.,1.));
#3490=DIRECTION('center_axis',(0.,0.,-1.));
#3491=DIRECTION('ref_axis',(1.,0.,0.));
#3492=DIRECTION('',(0.,0.,1.));
#3493=DIRECTION('center_axis',(0.,0.,-1.));
#3494=DIRECTION('ref_axis',(1.,0.,0.));
#3495=DIRECTION('',(0.,0.,1.));
#3496=DIRECTION('center_axis',(0.,0.,-1.));
#3497=DIRECTION('ref_axis',(1.,0.,0.));
#3498=DIRECTION('',(0.,0.,1.));
#3499=DIRECTION('center_axis',(0.,0.,-1.));
#3500=DIRECTION('ref_axis',(1.,0.,0.));
#3501=DIRECTION('',(0.,0.,1.));
#3502=DIRECTION('center_axis',(0.,0.,-1.));
#3503=DIRECTION('ref_axis',(1.,0.,0.));
#3504=DIRECTION('',(0.,0.,1.));
#3505=DIRECTION('center_axis',(0.,0.,-1.));
#3506=DIRECTION('ref_axis',(1.,0.,0.));
#3507=DIRECTION('',(0.,0.,1.));
#3508=DIRECTION('center_axis',(0.,0.,-1.));
#3509=DIRECTION('ref_axis',(1.,0.,0.));
#3510=DIRECTION('',(0.,0.,1.));
#3511=DIRECTION('center_axis',(0.,0.,-1.));
#3512=DIRECTION('ref_axis',(1.,0.,0.));
#3513=DIRECTION('',(0.,0.,1.));
#3514=DIRECTION('center_axis',(0.,0.,-1.));
#3515=DIRECTION('ref_axis',(1.,0.,0.));
#3516=DIRECTION('',(0.,0.,1.));
#3517=DIRECTION('center_axis',(0.,0.,-1.));
#3518=DIRECTION('ref_axis',(1.,0.,0.));
#3519=DIRECTION('',(0.,0.,1.));
#3520=DIRECTION('center_axis',(0.,0.,-1.));
#3521=DIRECTION('ref_axis',(1.,0.,0.));
#3522=DIRECTION('',(0.,0.,1.));
#3523=DIRECTION('center_axis',(0.,0.,-1.));
#3524=DIRECTION('ref_axis',(1.,0.,0.));
#3525=DIRECTION('',(0.,0.,1.));
#3526=DIRECTION('center_axis',(0.,0.,-1.));
#3527=DIRECTION('ref_axis',(1.,0.,0.));
#3528=DIRECTION('',(0.,0.,1.));
#3529=DIRECTION('center_axis',(0.,0.,-1.));
#3530=DIRECTION('ref_axis',(1.,0.,0.));
#3531=DIRECTION('',(0.,0.,1.));
#3532=DIRECTION('center_axis',(0.,0.,-1.));
#3533=DIRECTION('ref_axis',(1.,0.,0.));
#3534=DIRECTION('',(0.,0.,1.));
#3535=DIRECTION('center_axis',(0.,0.,-1.));
#3536=DIRECTION('ref_axis',(1.,0.,0.));
#3537=DIRECTION('',(0.,0.,1.));
#3538=DIRECTION('center_axis',(0.,0.,-1.));
#3539=DIRECTION('ref_axis',(1.,0.,0.));
#3540=DIRECTION('',(0.,0.,1.));
#3541=DIRECTION('center_axis',(0.,0.,-1.));
#3542=DIRECTION('ref_axis',(-1.,0.,0.));
#3543=DIRECTION('center_axis',(0.,0.,-1.));
#3544=DIRECTION('ref_axis',(-1.,0.,0.));
#3545=DIRECTION('',(-0.707106781186547,8.65956056235493E-17,0.707106781186547));
#3546=DIRECTION('center_axis',(0.,0.,1.));
#3547=DIRECTION('ref_axis',(-1.,0.,0.));
#3548=DIRECTION('center_axis',(0.,0.,1.));
#3549=DIRECTION('ref_axis',(1.,-3.77475828372553E-15,0.));
#3550=DIRECTION('',(-0.707106781186548,0.,-0.707106781186548));
#3551=DIRECTION('center_axis',(0.,0.,-1.));
#3552=DIRECTION('ref_axis',(1.,-3.77475828372553E-15,0.));
#3553=DIRECTION('',(0.,0.707106781186547,-0.707106781186548));
#3554=DIRECTION('center_axis',(0.707106781186548,5.41411192649578E-17,-0.707106781186548));
#3555=DIRECTION('ref_axis',(-0.707106781186548,0.,-0.707106781186548));
#3556=DIRECTION('',(-7.65671051465625E-17,1.,0.));
#3557=DIRECTION('',(-0.707106781186545,0.,-0.70710678118655));
#3558=DIRECTION('',(7.65671051465625E-17,-1.,0.));
#3559=DIRECTION('center_axis',(0.,0.,-1.));
#3560=DIRECTION('ref_axis',(-1.,0.,0.));
#3561=DIRECTION('',(0.,0.,1.));
#3562=DIRECTION('center_axis',(0.,0.,-1.));
#3563=DIRECTION('ref_axis',(-1.,0.,0.));
#3564=DIRECTION('center_axis',(0.,0.,-1.));
#3565=DIRECTION('ref_axis',(-1.,0.,0.));
#3566=DIRECTION('center_axis',(0.,0.,-1.));
#3567=DIRECTION('ref_axis',(-1.,0.,0.));
#3568=DIRECTION('',(-0.707106781186548,8.65956056235494E-17,0.707106781186547));
#3569=DIRECTION('center_axis',(0.,0.,1.));
#3570=DIRECTION('ref_axis',(-1.,0.,0.));
#3571=DIRECTION('center_axis',(0.,0.,-1.));
#3572=DIRECTION('ref_axis',(-1.,0.,0.));
#3573=DIRECTION('center_axis',(-0.707106781186548,3.04543795865388E-17,
-0.707106781186547));
#3574=DIRECTION('ref_axis',(-0.707106781186547,0.,0.707106781186548));
#3575=DIRECTION('',(-0.707106781186547,1.30841038223648E-16,0.707106781186548));
#3576=DIRECTION('',(4.30689966449414E-17,1.,0.));
#3577=DIRECTION('',(0.707106781186547,0.,-0.707106781186548));
#3578=DIRECTION('',(-4.30689966449414E-17,-1.,0.));
#3579=DIRECTION('center_axis',(0.,0.,1.));
#3580=DIRECTION('ref_axis',(-1.33226762955019E-15,-1.,0.));
#3581=DIRECTION('',(0.,0.707106781186546,-0.707106781186549));
#3582=DIRECTION('center_axis',(0.,0.,-1.));
#3583=DIRECTION('ref_axis',(-1.33226762955019E-15,-1.,0.));
#3584=DIRECTION('center_axis',(2.73479219237953E-17,-0.707106781186549,
-0.707106781186546));
#3585=DIRECTION('ref_axis',(-1.,0.,-3.86758020873519E-17));
#3586=DIRECTION('',(-1.,-3.86758020873518E-17,0.));
#3587=DIRECTION('',(1.,3.86758020873518E-17,0.));
#3588=DIRECTION('center_axis',(0.,0.,-1.));
#3589=DIRECTION('ref_axis',(-1.,0.,0.));
#3590=DIRECTION('',(0.,0.,1.));
#3591=DIRECTION('center_axis',(0.,0.,-1.));
#3592=DIRECTION('ref_axis',(-1.,0.,0.));
#3593=DIRECTION('center_axis',(0.,0.,-1.));
#3594=DIRECTION('ref_axis',(-1.,0.,0.));
#3595=DIRECTION('',(-0.707106781186547,8.65956056235493E-17,0.707106781186547));
#3596=DIRECTION('center_axis',(0.,0.,1.));
#3597=DIRECTION('ref_axis',(-1.,0.,0.));
#3598=DIRECTION('center_axis',(0.,0.,-1.));
#3599=DIRECTION('ref_axis',(-1.,0.,0.));
#3600=DIRECTION('center_axis',(0.,0.,1.));
#3601=DIRECTION('ref_axis',(3.5527136788005E-15,1.,0.));
#3602=DIRECTION('',(0.,-0.707106781186548,-0.707106781186548));
#3603=DIRECTION('center_axis',(0.,0.,-1.));
#3604=DIRECTION('ref_axis',(3.5527136788005E-15,1.,0.));
#3605=DIRECTION('center_axis',(0.,0.707106781186548,-0.707106781186548));
#3606=DIRECTION('ref_axis',(-1.,0.,0.));
#3607=DIRECTION('',(-1.,0.,0.));
#3608=DIRECTION('',(1.70093349690743E-15,-0.707106781186543,-0.707106781186552));
#3609=DIRECTION('',(1.,0.,0.));
#3610=DIRECTION('center_axis',(0.,0.,-1.));
#3611=DIRECTION('ref_axis',(-1.,0.,0.));
#3612=DIRECTION('',(0.,0.,1.));
#3613=DIRECTION('center_axis',(0.,0.,-1.));
#3614=DIRECTION('ref_axis',(-1.,0.,0.));
#3615=DIRECTION('center_axis',(0.,0.,-1.));
#3616=DIRECTION('ref_axis',(-1.,0.,0.));
#3617=DIRECTION('center_axis',(0.,0.,-1.));
#3618=DIRECTION('ref_axis',(-1.,0.,0.));
#3619=DIRECTION('',(-0.707106781186548,8.65956056235494E-17,0.707106781186547));
#3620=DIRECTION('center_axis',(0.,0.,1.));
#3621=DIRECTION('ref_axis',(-1.,0.,0.));
#3622=DIRECTION('center_axis',(0.,0.,-1.));
#3623=DIRECTION('ref_axis',(-1.,0.,0.));
#3624=DIRECTION('center_axis',(0.,0.,1.));
#3625=DIRECTION('ref_axis',(-1.,0.,0.));
#3626=DIRECTION('center_axis',(0.,0.,-1.));
#3627=DIRECTION('ref_axis',(-1.,0.,0.));
#3628=DIRECTION('center_axis',(0.,0.,-1.));
#3629=DIRECTION('ref_axis',(-1.,0.,0.));
#3630=DIRECTION('',(0.,0.,1.));
#3631=DIRECTION('center_axis',(0.,0.,-1.));
#3632=DIRECTION('ref_axis',(-1.,0.,0.));
#3633=DIRECTION('',(0.,0.,-1.));
#3634=DIRECTION('',(0.,0.,-1.));
#3635=DIRECTION('',(0.,0.,-1.));
#3636=DIRECTION('',(0.,0.,-1.));
#3637=DIRECTION('',(0.,0.,-1.));
#3638=DIRECTION('',(0.,0.,-1.));
#3639=DIRECTION('',(0.,0.,-1.));
#3640=DIRECTION('',(0.,0.,-1.));
#3641=DIRECTION('center_axis',(0.,0.,1.));
#3642=DIRECTION('ref_axis',(1.,0.,0.));
#3643=DIRECTION('',(-4.66588862898378E-13,1.,0.));
#3644=DIRECTION('',(1.,0.,0.));
#3645=DIRECTION('',(0.,1.,0.));
#3646=DIRECTION('',(-1.,0.,0.));
#3647=DIRECTION('',(0.,1.,0.));
#3648=DIRECTION('',(-1.,0.,0.));
#3649=DIRECTION('',(0.,-1.,0.));
#3650=DIRECTION('',(-1.,-4.66588862893153E-13,0.));
#3651=DIRECTION('',(0.,-1.,0.));
#3652=DIRECTION('',(1.,0.,0.));
#3653=DIRECTION('',(0.,-1.,0.));
#3654=DIRECTION('',(1.,0.,0.));
#3655=DIRECTION('center_axis',(0.,-1.,0.));
#3656=DIRECTION('ref_axis',(1.,0.,0.));
#3657=DIRECTION('',(0.,0.,1.));
#3658=DIRECTION('',(1.,0.,0.));
#3659=DIRECTION('',(0.,0.,-1.));
#3660=DIRECTION('center_axis',(1.,4.66588862898378E-13,0.));
#3661=DIRECTION('ref_axis',(-4.66588862898378E-13,1.,0.));
#3662=DIRECTION('',(-4.66588862898378E-13,1.,0.));
#3663=DIRECTION('',(0.,0.,1.));
#3664=DIRECTION('',(0.,0.,1.));
#3665=DIRECTION('center_axis',(0.,-1.,0.));
#3666=DIRECTION('ref_axis',(1.,0.,0.));
#3667=DIRECTION('',(1.,0.,0.));
#3668=DIRECTION('',(0.,0.,-1.));
#3669=DIRECTION('center_axis',(1.,0.,0.));
#3670=DIRECTION('ref_axis',(0.,1.,0.));
#3671=DIRECTION('',(0.,1.,0.));
#3672=DIRECTION('',(0.,0.,-1.));
#3673=DIRECTION('center_axis',(0.,1.,0.));
#3674=DIRECTION('ref_axis',(-1.,0.,0.));
#3675=DIRECTION('',(-1.,0.,0.));
#3676=DIRECTION('',(0.,0.,1.));
#3677=DIRECTION('',(0.,0.,1.));
#3678=DIRECTION('center_axis',(1.,0.,0.));
#3679=DIRECTION('ref_axis',(0.,1.,0.));
#3680=DIRECTION('',(0.,1.,0.));
#3681=DIRECTION('',(0.,0.,-1.));
#3682=DIRECTION('center_axis',(0.,1.,0.));
#3683=DIRECTION('ref_axis',(-1.,0.,0.));
#3684=DIRECTION('',(-1.,0.,0.));
#3685=DIRECTION('',(0.,0.,-1.));
#3686=DIRECTION('center_axis',(-1.,0.,0.));
#3687=DIRECTION('ref_axis',(0.,-1.,0.));
#3688=DIRECTION('',(0.,-1.,0.));
#3689=DIRECTION('',(0.,0.,1.));
#3690=DIRECTION('',(0.,0.,1.));
#3691=DIRECTION('center_axis',(-4.66588862893153E-13,1.,0.));
#3692=DIRECTION('ref_axis',(-1.,-4.66588862893153E-13,0.));
#3693=DIRECTION('',(-1.,-4.66588862893153E-13,0.));
#3694=DIRECTION('',(0.,0.,-1.));
#3695=DIRECTION('center_axis',(-1.,0.,0.));
#3696=DIRECTION('ref_axis',(0.,-1.,0.));
#3697=DIRECTION('',(0.,-1.,0.));
#3698=DIRECTION('',(0.,0.,-1.));
#3699=DIRECTION('center_axis',(0.,-1.,0.));
#3700=DIRECTION('ref_axis',(1.,0.,0.));
#3701=DIRECTION('',(1.,0.,0.));
#3702=DIRECTION('',(0.,0.,1.));
#3703=DIRECTION('',(0.,0.,1.));
#3704=DIRECTION('center_axis',(-1.,0.,0.));
#3705=DIRECTION('ref_axis',(0.,-1.,0.));
#3706=DIRECTION('',(0.,-1.,0.));
#3707=DIRECTION('',(0.,0.,1.));
#3708=DIRECTION('',(0.,0.,1.));
#3709=DIRECTION('center_axis',(-1.,6.66555518425543E-13,0.));
#3710=DIRECTION('ref_axis',(-6.66555518425543E-13,-1.,0.));
#3711=DIRECTION('',(6.66555518425543E-13,1.,0.));
#3712=DIRECTION('',(-6.66555518425543E-13,-1.,0.));
#3713=DIRECTION('',(0.,0.,1.));
#3714=DIRECTION('center_axis',(0.,1.,0.));
#3715=DIRECTION('ref_axis',(-1.,0.,0.));
#3716=DIRECTION('',(1.,0.,0.));
#3717=DIRECTION('',(-1.,0.,0.));
#3718=DIRECTION('',(0.,0.,1.));
#3719=DIRECTION('center_axis',(1.,0.,0.));
#3720=DIRECTION('ref_axis',(0.,1.,0.));
#3721=DIRECTION('',(0.,-1.,0.));
#3722=DIRECTION('',(0.,1.,0.));
#3723=DIRECTION('',(0.,0.,1.));
#3724=DIRECTION('',(0.,0.,1.));
#3725=DIRECTION('center_axis',(0.,1.,0.));
#3726=DIRECTION('ref_axis',(-1.,0.,0.));
#3727=DIRECTION('',(1.,0.,0.));
#3728=DIRECTION('',(-1.,0.,0.));
#3729=DIRECTION('',(0.,0.,1.));
#3730=DIRECTION('center_axis',(1.,0.,0.));
#3731=DIRECTION('ref_axis',(0.,1.,0.));
#3732=DIRECTION('',(0.,-1.,0.));
#3733=DIRECTION('',(0.,1.,0.));
#3734=DIRECTION('',(0.,0.,1.));
#3735=DIRECTION('center_axis',(-4.99916638816491E-13,-1.,0.));
#3736=DIRECTION('ref_axis',(1.,-4.99916638816491E-13,0.));
#3737=DIRECTION('',(-1.,4.99916638816491E-13,0.));
#3738=DIRECTION('',(1.,-4.99916638816491E-13,0.));
#3739=DIRECTION('',(0.,0.,1.));
#3740=DIRECTION('',(0.,0.,1.));
#3741=DIRECTION('center_axis',(1.,0.,0.));
#3742=DIRECTION('ref_axis',(0.,1.,0.));
#3743=DIRECTION('',(0.,-1.,0.));
#3744=DIRECTION('',(0.,1.,0.));
#3745=DIRECTION('',(0.,0.,1.));
#3746=DIRECTION('center_axis',(5.90544162034658E-18,-1.,0.));
#3747=DIRECTION('ref_axis',(1.,5.90544162034658E-18,0.));
#3748=DIRECTION('',(-1.,-5.90544162034658E-18,0.));
#3749=DIRECTION('',(1.,5.90544162034658E-18,0.));
#3750=DIRECTION('',(0.,0.,1.));
#3751=DIRECTION('center_axis',(-1.,3.33277759211244E-13,0.));
#3752=DIRECTION('ref_axis',(-3.33277759211244E-13,-1.,0.));
#3753=DIRECTION('',(3.33277759211244E-13,1.,0.));
#3754=DIRECTION('',(-3.33277759211244E-13,-1.,0.));
#3755=DIRECTION('',(0.,0.,1.));
#3756=DIRECTION('',(0.,0.,1.));
#3757=DIRECTION('center_axis',(1.66638879605882E-13,-1.,0.));
#3758=DIRECTION('ref_axis',(1.,1.66638879605882E-13,0.));
#3759=DIRECTION('',(-1.,-1.66638879605882E-13,0.));
#3760=DIRECTION('',(1.,1.66638879605882E-13,0.));
#3761=DIRECTION('',(0.,0.,1.));
#3762=DIRECTION('center_axis',(-1.,0.,0.));
#3763=DIRECTION('ref_axis',(0.,-1.,0.));
#3764=DIRECTION('',(0.,1.,0.));
#3765=DIRECTION('',(0.,-1.,0.));
#3766=DIRECTION('',(0.,0.,1.));
#3767=DIRECTION('center_axis',(2.6662220736874E-12,1.,0.));
#3768=DIRECTION('ref_axis',(-1.,2.6662220736874E-12,0.));
#3769=DIRECTION('',(1.,-2.6662220736874E-12,0.));
#3770=DIRECTION('',(-1.,2.6662220736874E-12,0.));
#3771=DIRECTION('center_axis',(0.,0.,1.));
#3772=DIRECTION('ref_axis',(1.,0.,0.));
#3773=DIRECTION('center_axis',(0.,0.,-1.));
#3774=DIRECTION('ref_axis',(-1.,0.,0.));
#3775=DIRECTION('',(4.30689966449414E-17,1.,0.));
#3776=DIRECTION('center_axis',(0.,0.,-1.));
#3777=DIRECTION('ref_axis',(-1.33226762955019E-15,-1.,0.));
#3778=DIRECTION('',(-1.,-3.86758020873518E-17,0.));
#3779=DIRECTION('center_axis',(0.,0.,-1.));
#3780=DIRECTION('ref_axis',(1.,-3.77475828372553E-15,0.));
#3781=DIRECTION('',(7.65671051465625E-17,-1.,0.));
#3782=DIRECTION('center_axis',(0.,0.,-1.));
#3783=DIRECTION('ref_axis',(3.5527136788005E-15,1.,0.));
#3784=DIRECTION('',(1.,0.,0.));
#3785=DIRECTION('center_axis',(0.,0.,-1.));
#3786=DIRECTION('ref_axis',(-1.,0.,0.));
#3787=DIRECTION('center_axis',(0.,0.,-1.));
#3788=DIRECTION('ref_axis',(3.5527136788005E-15,1.,0.));
#3789=DIRECTION('',(0.,0.,-1.));
#3790=DIRECTION('',(0.,0.,-1.));
#3791=DIRECTION('center_axis',(0.,1.,0.));
#3792=DIRECTION('ref_axis',(1.,0.,0.));
#3793=DIRECTION('',(0.,0.,-1.));
#3794=DIRECTION('center_axis',(0.,0.,-1.));
#3795=DIRECTION('ref_axis',(-1.,0.,0.));
#3796=DIRECTION('',(0.,0.,-1.));
#3797=DIRECTION('center_axis',(-1.,4.30689966449414E-17,0.));
#3798=DIRECTION('ref_axis',(4.30689966449414E-17,1.,0.));
#3799=DIRECTION('',(0.,0.,-1.));
#3800=DIRECTION('center_axis',(0.,0.,-1.));
#3801=DIRECTION('ref_axis',(-1.,0.,0.));
#3802=DIRECTION('center_axis',(0.,0.,-1.));
#3803=DIRECTION('ref_axis',(-1.33226762955019E-15,-1.,0.));
#3804=DIRECTION('',(0.,0.,-1.));
#3805=DIRECTION('center_axis',(3.86758020873518E-17,-1.,0.));
#3806=DIRECTION('ref_axis',(-1.,-3.86758020873518E-17,0.));
#3807=DIRECTION('',(0.,0.,-1.));
#3808=DIRECTION('center_axis',(0.,0.,-1.));
#3809=DIRECTION('ref_axis',(1.,-3.77475828372553E-15,0.));
#3810=DIRECTION('',(0.,0.,-1.));
#3811=DIRECTION('center_axis',(1.,7.65671051465625E-17,0.));
#3812=DIRECTION('ref_axis',(7.65671051465625E-17,-1.,0.));
#3813=CARTESIAN_POINT('',(0.,0.,0.));
#3814=CARTESIAN_POINT('Origin',(16.,119.255,-0.745));
#3815=CARTESIAN_POINT('',(2.5,120.,-1.49));
#3816=CARTESIAN_POINT('',(2.5,118.51,0.));
#3817=CARTESIAN_POINT('',(2.5,120.,-1.49));
#3818=CARTESIAN_POINT('',(61.5,118.51,0.));
#3819=CARTESIAN_POINT('',(16.,118.51,0.));
#3820=CARTESIAN_POINT('',(61.5,120.,-1.49));
#3821=CARTESIAN_POINT('',(61.5,118.51,0.));
#3822=CARTESIAN_POINT('',(16.,120.,-1.49));
#3823=CARTESIAN_POINT('Origin',(2.5,117.5,-0.745));
#3824=CARTESIAN_POINT('',(0.,117.5,-1.49));
#3825=CARTESIAN_POINT('Origin',(2.5,117.5,-1.49));
#3826=CARTESIAN_POINT('',(1.49,117.5,0.));
#3827=CARTESIAN_POINT('',(0.,117.5,-1.49));
#3828=CARTESIAN_POINT('Origin',(2.5,117.5,0.));
#3829=CARTESIAN_POINT('Origin',(0.745,30.,-0.745));
#3830=CARTESIAN_POINT('',(0.,2.5,-1.49));
#3831=CARTESIAN_POINT('',(1.49,2.5,0.));
#3832=CARTESIAN_POINT('',(0.,2.5,-1.49));
#3833=CARTESIAN_POINT('',(1.49,30.,0.));
#3834=CARTESIAN_POINT('',(0.,30.,-1.49));
#3835=CARTESIAN_POINT('Origin',(2.5,2.5,-0.745));
#3836=CARTESIAN_POINT('',(2.5,0.,-1.49));
#3837=CARTESIAN_POINT('Origin',(2.5,2.5,-1.49));
#3838=CARTESIAN_POINT('',(2.5,1.49,0.));
#3839=CARTESIAN_POINT('',(2.5,0.,-1.49));
#3840=CARTESIAN_POINT('Origin',(2.5,2.5,0.));
#3841=CARTESIAN_POINT('Origin',(48.,0.745,-0.745));
#3842=CARTESIAN_POINT('',(61.5,0.,-1.49));
#3843=CARTESIAN_POINT('',(61.5,1.49,0.));
#3844=CARTESIAN_POINT('',(61.5,0.,-1.49));
#3845=CARTESIAN_POINT('',(48.,1.49,0.));
#3846=CARTESIAN_POINT('',(48.,0.,-1.49));
#3847=CARTESIAN_POINT('Origin',(61.5,2.5,-0.745));
#3848=CARTESIAN_POINT('',(64.,2.5,-1.49));
#3849=CARTESIAN_POINT('Origin',(61.5,2.5,-1.49));
#3850=CARTESIAN_POINT('',(62.51,2.5,0.));
#3851=CARTESIAN_POINT('',(64.,2.5,-1.49));
#3852=CARTESIAN_POINT('Origin',(61.5,2.5,0.));
#3853=CARTESIAN_POINT('Origin',(63.255,90.,-0.745));
#3854=CARTESIAN_POINT('',(64.,117.5,-1.49));
#3855=CARTESIAN_POINT('',(62.51,117.5,0.));
#3856=CARTESIAN_POINT('',(64.,117.5,-1.49));
#3857=CARTESIAN_POINT('',(62.51,90.,0.));
#3858=CARTESIAN_POINT('',(64.,90.,-1.49));
#3859=CARTESIAN_POINT('Origin',(61.5,117.5,-0.745));
#3860=CARTESIAN_POINT('Origin',(61.5,117.5,-1.49));
#3861=CARTESIAN_POINT('Origin',(61.5,117.5,0.));
#3862=CARTESIAN_POINT('Origin',(2.5,2.5,0.));
#3863=CARTESIAN_POINT('',(0.,2.5,-1.5));
#3864=CARTESIAN_POINT('',(0.,2.5,0.));
#3865=CARTESIAN_POINT('',(0.,2.4991396286438,-1.5));
#3866=CARTESIAN_POINT('',(0.,120.,-1.5));
#3867=CARTESIAN_POINT('',(2.5,-3.91204519953657E-33,-1.5));
#3868=CARTESIAN_POINT('Ctrl Pts',(1.48028670974611E-7,2.49913968416782,
-1.49999511505389));
#3869=CARTESIAN_POINT('Ctrl Pts',(5.79479357805172E-5,2.33117839156693,
-1.49808775913041));
#3870=CARTESIAN_POINT('Ctrl Pts',(0.0170422327606247,2.16364644099841,-1.49650388823941));
#3871=CARTESIAN_POINT('Ctrl Pts',(0.0843512524378164,1.83452811853876,-1.4939394625641));
#3872=CARTESIAN_POINT('Ctrl Pts',(0.134504009138171,1.6737787297058,-1.49296624159581));
#3873=CARTESIAN_POINT('Ctrl Pts',(0.328088364195089,1.2198617006196,-1.49095958080111));
#3874=CARTESIAN_POINT('Ctrl Pts',(0.513037308323632,0.948247811661699,-1.49075075149095));
#3875=CARTESIAN_POINT('Ctrl Pts',(0.976659713470117,0.49116614071912,-1.4921086893329));
#3876=CARTESIAN_POINT('Ctrl Pts',(1.25090678308677,0.310081882645707,-1.49369641057703));
#3877=CARTESIAN_POINT('Ctrl Pts',(1.85302362392252,0.063372944036877,-1.49747020185171));
#3878=CARTESIAN_POINT('Ctrl Pts',(2.17500603637529,1.71149461409616E-8,
-1.49999887041365));
#3879=CARTESIAN_POINT('Ctrl Pts',(2.4999998683441,3.79687600804424E-15,
-1.49999999999979));
#3880=CARTESIAN_POINT('',(2.5,0.,0.));
#3881=CARTESIAN_POINT('Origin',(0.,0.,0.));
#3882=CARTESIAN_POINT('',(0.,117.5,-1.5));
#3883=CARTESIAN_POINT('',(0.,117.5,0.));
#3884=CARTESIAN_POINT('',(0.,120.,-1.5));
#3885=CARTESIAN_POINT('Origin',(2.5,117.5,0.));
#3886=CARTESIAN_POINT('',(2.4999998683441,120.,-1.5));
#3887=CARTESIAN_POINT('',(2.5,120.,0.));
#3888=CARTESIAN_POINT('',(1.48022308854578E-7,117.500860297345,-1.49999511526383));
#3889=CARTESIAN_POINT('Ctrl Pts',(2.4999998683441,120.,-1.5000000000003));
#3890=CARTESIAN_POINT('Ctrl Pts',(2.33223756692368,119.999999991165,-1.4999994169062));
#3891=CARTESIAN_POINT('Ctrl Pts',(2.16487996293939,119.983112763542,-1.49920087402197));
#3892=CARTESIAN_POINT('Ctrl Pts',(1.83607592196252,119.916061744097,-1.49739977125014));
#3893=CARTESIAN_POINT('Ctrl Pts',(1.67547222951804,119.866073541458,-1.49635472696532));
#3894=CARTESIAN_POINT('Ctrl Pts',(1.22157766455671,119.672921665177,-1.49351856608324));
#3895=CARTESIAN_POINT('Ctrl Pts',(0.949819016173676,119.488188851965,-1.49198141159961));
#3896=CARTESIAN_POINT('Ctrl Pts',(0.492406830400496,119.024964015968,-1.49074425893405));
#3897=CARTESIAN_POINT('Ctrl Pts',(0.311125177169945,118.750908048123,-1.4910242605726));
#3898=CARTESIAN_POINT('Ctrl Pts',(0.0637906529568518,118.148722553333,-1.49382245914579));
#3899=CARTESIAN_POINT('Ctrl Pts',(0.000112156137778238,117.826352725871,
-1.49629884745334));
#3900=CARTESIAN_POINT('Ctrl Pts',(1.4802230931428E-7,117.500860297345,-1.49999511526382));
#3901=CARTESIAN_POINT('',(0.,120.,-1.5));
#3902=CARTESIAN_POINT('Origin',(0.,120.,0.));
#3903=CARTESIAN_POINT('',(61.5,120.,-1.5));
#3904=CARTESIAN_POINT('',(61.5,120.,0.));
#3905=CARTESIAN_POINT('',(64.,120.,-1.5));
#3906=CARTESIAN_POINT('Origin',(32.,60.,0.));
#3907=CARTESIAN_POINT('',(6.,15.,0.));
#3908=CARTESIAN_POINT('Origin',(12.,15.,0.));
#3909=CARTESIAN_POINT('',(29.375,45.,0.));
#3910=CARTESIAN_POINT('Origin',(32.,45.,0.));
#3911=CARTESIAN_POINT('',(26.,15.,0.));
#3912=CARTESIAN_POINT('Origin',(32.,15.,0.));
#3913=CARTESIAN_POINT('',(53.625,80.,0.));
#3914=CARTESIAN_POINT('Origin',(57.,80.,0.));
#3915=CARTESIAN_POINT('',(33.625,80.,0.));
#3916=CARTESIAN_POINT('Origin',(37.,80.,0.));
#3917=CARTESIAN_POINT('',(9.375,45.,0.));
#3918=CARTESIAN_POINT('Origin',(12.,45.,0.));
#3919=CARTESIAN_POINT('',(46.,15.,0.));
#3920=CARTESIAN_POINT('Origin',(52.,15.,0.));
#3921=CARTESIAN_POINT('',(43.625,80.,0.));
#3922=CARTESIAN_POINT('Origin',(47.,80.,0.));
#3923=CARTESIAN_POINT('',(8.25,105.,0.));
#3924=CARTESIAN_POINT('Origin',(12.,105.,0.));
#3925=CARTESIAN_POINT('',(23.625,80.,0.));
#3926=CARTESIAN_POINT('Origin',(27.,80.,0.));
#3927=CARTESIAN_POINT('',(13.625,80.,0.));
#3928=CARTESIAN_POINT('Origin',(17.,80.,0.));
#3929=CARTESIAN_POINT('',(8.375,60.,0.));
#3930=CARTESIAN_POINT('Origin',(12.,60.,0.));
#3931=CARTESIAN_POINT('',(28.625,60.,0.));
#3932=CARTESIAN_POINT('Origin',(32.,60.,0.));
#3933=CARTESIAN_POINT('',(48.625,60.,0.));
#3934=CARTESIAN_POINT('Origin',(52.,60.,0.));
#3935=CARTESIAN_POINT('',(3.625,80.,0.));
#3936=CARTESIAN_POINT('Origin',(7.,80.,0.));
#3937=CARTESIAN_POINT('',(28.25,105.,0.));
#3938=CARTESIAN_POINT('Origin',(32.,105.,0.));
#3939=CARTESIAN_POINT('',(49.375,45.,0.));
#3940=CARTESIAN_POINT('Origin',(52.,45.,0.));
#3941=CARTESIAN_POINT('',(48.25,105.,0.));
#3942=CARTESIAN_POINT('Origin',(52.,105.,0.));
#3943=CARTESIAN_POINT('Origin',(25.,35.,-25.5));
#3944=CARTESIAN_POINT('',(1.11125320071916,35.,-21.5));
#3945=CARTESIAN_POINT('Origin',(0.936609429085116,35.,-25.5));
#3946=CARTESIAN_POINT('',(-0.606060606060607,35.,-21.5));
#3947=CARTESIAN_POINT('',(25.,35.,-21.5));
#3948=CARTESIAN_POINT('Origin',(-0.727272727272728,35.,-25.5));
#3949=CARTESIAN_POINT('Origin',(62.9871783306335,118.487178330634,-35.0535949475362));
#3950=CARTESIAN_POINT('',(56.,118.493337551073,-35.5));
#3951=CARTESIAN_POINT('',(62.993337551073,111.5,-35.5));
#3952=CARTESIAN_POINT('Origin',(63.0066687961432,118.506668796143,-35.5));
#3953=CARTESIAN_POINT('',(61.5088654921836,110.015527941111,-1.5));
#3954=CARTESIAN_POINT('',(62.9871783306335,111.493840779561,-35.3589306590935));
#3955=CARTESIAN_POINT('',(54.5155279411106,117.008865492184,-1.5));
#3956=CARTESIAN_POINT('Origin',(61.5221967372538,117.022196737254,-1.5));
#3957=CARTESIAN_POINT('',(55.9938407795605,118.487178330634,-35.3589306590935));
#3958=CARTESIAN_POINT('Origin',(56.,111.5,-35.5));
#3959=CARTESIAN_POINT('',(63.5,111.5,-35.5));
#3960=CARTESIAN_POINT('',(44.,111.5,-35.5));
#3961=CARTESIAN_POINT('',(62.0155279411106,110.015527941111,-1.5));
#3962=CARTESIAN_POINT('',(63.4928786084445,111.492878608444,-35.3368933174334));
#3963=CARTESIAN_POINT('',(56.,110.015527941111,-1.5));
#3964=CARTESIAN_POINT('Origin',(32.,60.,-35.5));
#3965=CARTESIAN_POINT('',(1.5,120.5,-35.5));
#3966=CARTESIAN_POINT('',(-0.999999999999998,118.,-35.5));
#3967=CARTESIAN_POINT('Origin',(1.5,118.,-35.5));
#3968=CARTESIAN_POINT('',(62.5,120.5,-35.5));
#3969=CARTESIAN_POINT('',(-0.999999999999998,120.5,-35.5));
#3970=CARTESIAN_POINT('',(65.,118.,-35.5));
#3971=CARTESIAN_POINT('Origin',(62.5,118.,-35.5));
#3972=CARTESIAN_POINT('',(65.,1.99999999999999,-35.5));
#3973=CARTESIAN_POINT('',(65.,120.5,-35.5));
#3974=CARTESIAN_POINT('',(62.5,-0.5,-35.5));
#3975=CARTESIAN_POINT('Origin',(62.5,2.,-35.5));
#3976=CARTESIAN_POINT('',(1.49999999999999,-0.5,-35.5));
#3977=CARTESIAN_POINT('',(65.,-0.5,-35.5));
#3978=CARTESIAN_POINT('',(-1.,2.,-35.5));
#3979=CARTESIAN_POINT('Origin',(1.5,2.,-35.5));
#3980=CARTESIAN_POINT('',(-1.,-0.5,-35.5));
#3981=CARTESIAN_POINT('',(5.15000000000001,116.,-35.5));
#3982=CARTESIAN_POINT('Origin',(3.50000000000001,116.,-35.5));
#3983=CARTESIAN_POINT('',(62.15,3.99999999999999,-35.5));
#3984=CARTESIAN_POINT('Origin',(60.5,3.99999999999999,-35.5));
#3985=CARTESIAN_POINT('',(62.15,116.,-35.5));
#3986=CARTESIAN_POINT('Origin',(60.5,116.,-35.5));
#3987=CARTESIAN_POINT('',(5.15000000000002,3.99999999999999,-35.5));
#3988=CARTESIAN_POINT('Origin',(3.50000000000002,3.99999999999999,-35.5));
#3989=CARTESIAN_POINT('',(56.,119.,-35.5));
#3990=CARTESIAN_POINT('',(56.,89.5,-35.5));
#3991=CARTESIAN_POINT('',(8.,119.,-35.5));
#3992=CARTESIAN_POINT('',(20.,119.,-35.5));
#3993=CARTESIAN_POINT('',(7.99999999999999,118.493337551073,-35.5));
#3994=CARTESIAN_POINT('',(7.99999999999999,85.75,-35.5));
#3995=CARTESIAN_POINT('',(1.00666244892699,111.5,-35.5));
#3996=CARTESIAN_POINT('Origin',(0.993331203856757,118.506668796143,-35.5));
#3997=CARTESIAN_POINT('',(0.499999999999998,111.5,-35.5));
#3998=CARTESIAN_POINT('',(16.25,111.5,-35.5));
#3999=CARTESIAN_POINT('',(0.499999999999995,8.49999999999999,-35.5));
#4000=CARTESIAN_POINT('',(0.499999999999992,34.25,-35.5));
#4001=CARTESIAN_POINT('',(1.00666244892699,8.49999999999999,-35.5));
#4002=CARTESIAN_POINT('',(20.,8.49999999999999,-35.5));
#4003=CARTESIAN_POINT('',(7.99999999999999,1.50666244892699,-35.5));
#4004=CARTESIAN_POINT('Origin',(0.993331203856756,1.49333120385675,-35.5));
#4005=CARTESIAN_POINT('',(8.,0.999999999999996,-35.5));
#4006=CARTESIAN_POINT('',(7.99999999999999,30.5,-35.5));
#4007=CARTESIAN_POINT('',(56.,0.999999999999995,-35.5));
#4008=CARTESIAN_POINT('',(44.,0.999999999999998,-35.5));
#4009=CARTESIAN_POINT('',(56.,1.50666244892699,-35.5));
#4010=CARTESIAN_POINT('',(56.,34.25,-35.5));
#4011=CARTESIAN_POINT('',(62.993337551073,8.49999999999999,-35.5));
#4012=CARTESIAN_POINT('Origin',(63.0066687961432,1.49333120385675,-35.5));
#4013=CARTESIAN_POINT('',(63.5,8.49999999999999,-35.5));
#4014=CARTESIAN_POINT('',(47.75,8.49999999999999,-35.5));
#4015=CARTESIAN_POINT('',(63.5,85.75,-35.5));
#4016=CARTESIAN_POINT('Origin',(1.01282166936645,118.487178330634,-35.0535949475362));
#4017=CARTESIAN_POINT('',(9.48447205888941,117.008865492184,-1.5));
#4018=CARTESIAN_POINT('',(8.00615922043946,118.487178330634,-35.3589306590935));
#4019=CARTESIAN_POINT('',(2.4911345078164,110.015527941111,-1.5));
#4020=CARTESIAN_POINT('Origin',(2.47780326274617,117.022196737254,-1.5));
#4021=CARTESIAN_POINT('',(1.01282166936645,111.493840779561,-35.3589306590935));
#4022=CARTESIAN_POINT('Origin',(8.,111.5,-35.5));
#4023=CARTESIAN_POINT('',(9.48447205888941,117.515527941111,-1.5));
#4024=CARTESIAN_POINT('',(8.00712139155554,118.992878608444,-35.3368933174334));
#4025=CARTESIAN_POINT('',(9.48447205888941,119.,-1.5));
#4026=CARTESIAN_POINT('Origin',(62.9871783306335,1.51282166936645,-35.0535949475362));
#4027=CARTESIAN_POINT('',(54.5155279411106,2.9911345078164,-1.5));
#4028=CARTESIAN_POINT('',(61.5088654921836,9.98447205888941,-1.5));
#4029=CARTESIAN_POINT('Origin',(61.5221967372538,2.97780326274616,-1.5));
#4030=CARTESIAN_POINT('',(62.9871783306335,8.50615922043946,-35.3589306590935));
#4031=CARTESIAN_POINT('',(55.9938407795605,1.51282166936645,-35.3589306590935));
#4032=CARTESIAN_POINT('Origin',(56.,8.49999999999999,-35.5));
#4033=CARTESIAN_POINT('',(54.5155279411106,2.48447205888941,-1.5));
#4034=CARTESIAN_POINT('',(55.9928786084445,1.00712139155553,-35.3368933174334));
#4035=CARTESIAN_POINT('',(54.5155279411106,0.999999999999995,-1.5));
#4036=CARTESIAN_POINT('Origin',(1.01282166936645,1.51282166936645,-35.0535949475362));
#4037=CARTESIAN_POINT('',(2.49113450781641,9.98447205888941,-1.5));
#4038=CARTESIAN_POINT('',(9.48447205888941,2.9911345078164,-1.5));
#4039=CARTESIAN_POINT('Origin',(2.47780326274617,2.97780326274616,-1.5));
#4040=CARTESIAN_POINT('',(8.00615922043946,1.51282166936645,-35.3589306590935));
#4041=CARTESIAN_POINT('',(1.01282166936645,8.50615922043946,-35.3589306590935));
#4042=CARTESIAN_POINT('Origin',(8.,8.49999999999999,-35.5));
#4043=CARTESIAN_POINT('',(1.9844720588894,9.98447205888941,-1.5));
#4044=CARTESIAN_POINT('',(0.507121391555534,8.50712139155553,-35.3368933174334));
#4045=CARTESIAN_POINT('',(8.,9.98447205888941,-1.5));
#4046=CARTESIAN_POINT('Origin',(48.,120.,-20.5));
#4047=CARTESIAN_POINT('',(42.5,118.345085856372,-20.5));
#4048=CARTESIAN_POINT('Origin',(48.,118.345085856372,-20.5));
#4049=CARTESIAN_POINT('',(42.5,120.287878787879,-20.5));
#4050=CARTESIAN_POINT('',(42.5,120.,-20.5));
#4051=CARTESIAN_POINT('Origin',(48.,120.287878787879,-20.5));
#4052=CARTESIAN_POINT('Origin',(32.,120.,-20.5));
#4053=CARTESIAN_POINT('',(26.5,118.345085856372,-20.5));
#4054=CARTESIAN_POINT('Origin',(32.,118.345085856372,-20.5));
#4055=CARTESIAN_POINT('',(26.5,120.287878787879,-20.5));
#4056=CARTESIAN_POINT('',(26.5,120.,-20.5));
#4057=CARTESIAN_POINT('Origin',(32.,120.287878787879,-20.5));
#4058=CARTESIAN_POINT('Origin',(16.,120.,-20.5));
#4059=CARTESIAN_POINT('',(10.5,118.345085856372,-20.5));
#4060=CARTESIAN_POINT('Origin',(16.,118.345085856372,-20.5));
#4061=CARTESIAN_POINT('',(10.5,120.287878787879,-20.5));
#4062=CARTESIAN_POINT('',(10.5,120.,-20.5));
#4063=CARTESIAN_POINT('Origin',(16.,120.287878787879,-20.5));
#4064=CARTESIAN_POINT('Origin',(0.,63.75,-23.0000000000001));
#4065=CARTESIAN_POINT('',(-0.651515151515154,63.75,-23.0000000000001));
#4066=CARTESIAN_POINT('',(-0.651515151515154,56.25,-23.0000000000001));
#4067=CARTESIAN_POINT('',(-0.651515151515154,31.625,-23.0000000000001));
#4068=CARTESIAN_POINT('',(1.04576178635639,63.75,-23.0000000000001));
#4069=CARTESIAN_POINT('',(0.,63.75,-23.0000000000001));
#4070=CARTESIAN_POINT('',(1.04576178635639,56.25,-23.0000000000001));
#4071=CARTESIAN_POINT('',(1.04576178635639,36.125,-23.0000000000001));
#4072=CARTESIAN_POINT('',(0.,56.25,-23.0000000000001));
#4073=CARTESIAN_POINT('Origin',(0.,56.25,-27.0000000000001));
#4074=CARTESIAN_POINT('',(-0.893939393939396,56.25,-31.0000000000001));
#4075=CARTESIAN_POINT('Origin',(-0.772727272727275,56.25,-27.0000000000001));
#4076=CARTESIAN_POINT('',(0.696474243088296,56.25,-31.0000000000001));
#4077=CARTESIAN_POINT('Origin',(0.871118014722344,56.25,-27.0000000000001));
#4078=CARTESIAN_POINT('',(0.,56.25,-31.0000000000001));
#4079=CARTESIAN_POINT('Origin',(0.,56.25,-31.0000000000001));
#4080=CARTESIAN_POINT('',(-0.893939393939396,63.75,-31.0000000000001));
#4081=CARTESIAN_POINT('',(-0.893939393939396,27.875,-31.0000000000001));
#4082=CARTESIAN_POINT('',(0.696474243088296,63.75,-31.0000000000001));
#4083=CARTESIAN_POINT('',(0.696474243088295,32.375,-31.0000000000001));
#4084=CARTESIAN_POINT('',(0.,63.75,-31.0000000000001));
#4085=CARTESIAN_POINT('Origin',(0.,63.75,-27.0000000000001));
#4086=CARTESIAN_POINT('Origin',(-0.772727272727275,63.75,-27.0000000000001));
#4087=CARTESIAN_POINT('Origin',(0.871118014722344,63.75,-27.0000000000001));
#4088=CARTESIAN_POINT('Origin',(1.5,118.,-35.5));
#4089=CARTESIAN_POINT('',(-0.999999999999998,118.,-34.5));
#4090=CARTESIAN_POINT('',(-0.999999999999999,118.,-35.5));
#4091=CARTESIAN_POINT('',(-0.999999999999998,118.000860371356,-34.5));
#4092=CARTESIAN_POINT('',(-1.,60.,-34.5000000000001));
#4093=CARTESIAN_POINT('',(1.5,120.5,-34.5));
#4094=CARTESIAN_POINT('Ctrl Pts',(-0.999999851971325,118.000860315832,-34.4999951150538));
#4095=CARTESIAN_POINT('Ctrl Pts',(-0.999887841448885,118.326352744358,-34.4962988472889));
#4096=CARTESIAN_POINT('Ctrl Pts',(-0.936209347043145,118.648722553333,-34.4938224591457));
#4097=CARTESIAN_POINT('Ctrl Pts',(-0.688874822830051,119.250908048123,-34.4910242605726));
#4098=CARTESIAN_POINT('Ctrl Pts',(-0.5075931695995,119.524964015968,-34.490744258934));
#4099=CARTESIAN_POINT('Ctrl Pts',(-0.0501809838263101,119.988188851965,
-34.4919814115995));
#4100=CARTESIAN_POINT('Ctrl Pts',(0.221577664556724,120.172921665177,-34.4935185660837));
#4101=CARTESIAN_POINT('Ctrl Pts',(0.675472229518052,120.366073541458,-34.4963547269658));
#4102=CARTESIAN_POINT('Ctrl Pts',(0.836075921962544,120.416061744097,-34.4973997712498));
#4103=CARTESIAN_POINT('Ctrl Pts',(1.16487996293926,120.483112763542,-34.4992008740215));
#4104=CARTESIAN_POINT('Ctrl Pts',(1.33223756692357,120.499999991165,-34.499999416906));
#4105=CARTESIAN_POINT('Ctrl Pts',(1.4999998683441,120.5,-34.5000000000001));
#4106=CARTESIAN_POINT('',(1.5,120.5,-35.5));
#4107=CARTESIAN_POINT('Origin',(2.02533809364257,117.737617798467,-17.2017130058912));
#4108=CARTESIAN_POINT('',(-0.473514854220886,117.737617798467,-17.1259901892893));
#4109=CARTESIAN_POINT('',(2.02533809364257,120.237330887351,-17.1638385651505));
#4110=CARTESIAN_POINT('Origin',(0.,-0.500000000000007,-1.5));
#4111=CARTESIAN_POINT('',(-1.,2.,-34.5000000000001));
#4112=CARTESIAN_POINT('',(-1.,60.,-34.5000000000001));
#4113=CARTESIAN_POINT('',(-0.999999851977693,1.99913970265494,-34.4999951152639));
#4114=CARTESIAN_POINT('',(-1.,60.,-34.5000000000001));
#4115=CARTESIAN_POINT('',(-0.00171939446395042,2.49827993141182,-1.55674001731036));
#4116=CARTESIAN_POINT('Origin',(62.5,118.,-35.5));
#4117=CARTESIAN_POINT('',(62.5000001316559,120.5,-34.5));
#4118=CARTESIAN_POINT('',(62.5,120.5,-35.5));
#4119=CARTESIAN_POINT('',(64.9999998519777,118.000860297345,-34.4999951152637));
#4120=CARTESIAN_POINT('Ctrl Pts',(62.5000001316559,120.5,-34.5));
#4121=CARTESIAN_POINT('Ctrl Pts',(62.8249939636247,120.499999982885,-34.4999988704137));
#4122=CARTESIAN_POINT('Ctrl Pts',(63.1469763760775,120.436627055963,-34.4974702018519));
#4123=CARTESIAN_POINT('Ctrl Pts',(63.7490932169133,120.189918117354,-34.4936964105771));
#4124=CARTESIAN_POINT('Ctrl Pts',(64.0233402865299,120.008833859281,-34.4921086893329));
#4125=CARTESIAN_POINT('Ctrl Pts',(64.4869626916764,119.551752188338,-34.490750751491));
#4126=CARTESIAN_POINT('Ctrl Pts',(64.6719116358049,119.28013829938,-34.4909595808011));
#4127=CARTESIAN_POINT('Ctrl Pts',(64.8654959908618,118.826221270294,-34.4929662415958));
#4128=CARTESIAN_POINT('Ctrl Pts',(64.9156487475622,118.665471881461,-34.4939394625638));
#4129=CARTESIAN_POINT('Ctrl Pts',(64.9829577672394,118.336353559002,-34.4965038882391));
#4130=CARTESIAN_POINT('Ctrl Pts',(64.9999420533126,118.168821589946,-34.4980877593166));
#4131=CARTESIAN_POINT('Ctrl Pts',(64.9999998519777,118.000860297345,-34.4999951152636));
#4132=CARTESIAN_POINT('',(65.,118.,-34.5000000000001));
#4133=CARTESIAN_POINT('',(65.,-0.500000000000007,-34.5000000000001));
#4134=CARTESIAN_POINT('',(65.,118.,-35.5));
#4135=CARTESIAN_POINT('Origin',(61.5,117.5,0.));
#4136=CARTESIAN_POINT('',(64.,117.5,-1.5));
#4137=CARTESIAN_POINT('',(64.,117.5,0.));
#4138=CARTESIAN_POINT('',(64.,117.500860371356,-1.5));
#4139=CARTESIAN_POINT('',(64.,-1.00148357108136E-31,-1.5));
#4140=CARTESIAN_POINT('Ctrl Pts',(63.9999998519713,117.500860315832,-1.49999511505368));
#4141=CARTESIAN_POINT('Ctrl Pts',(63.9999420520642,117.668821608433,-1.4980877591302));
#4142=CARTESIAN_POINT('Ctrl Pts',(63.9829577672394,117.836353559002,-1.49650388823902));
#4143=CARTESIAN_POINT('Ctrl Pts',(63.9156487475622,118.165471881461,-1.49393946256369));
#4144=CARTESIAN_POINT('Ctrl Pts',(63.8654959908618,118.326221270294,-1.49296624159574));
#4145=CARTESIAN_POINT('Ctrl Pts',(63.6719116358049,118.78013829938,-1.49095958080104));
#4146=CARTESIAN_POINT('Ctrl Pts',(63.4869626916764,119.051752188338,-1.49075075149107));
#4147=CARTESIAN_POINT('Ctrl Pts',(63.0233402865299,119.508833859281,-1.49210868933298));
#4148=CARTESIAN_POINT('Ctrl Pts',(62.7490932169133,119.689918117354,-1.49369641057737));
#4149=CARTESIAN_POINT('Ctrl Pts',(62.1469763760775,119.936627055963,-1.49747020185216));
#4150=CARTESIAN_POINT('Ctrl Pts',(61.8249939636247,119.999999982885,-1.49999887041363));
#4151=CARTESIAN_POINT('Ctrl Pts',(61.5000001316559,120.,-1.49999999999996));
#4152=CARTESIAN_POINT('Origin',(62.4442789666647,117.97242632862,-32.6990759960311));
#4153=CARTESIAN_POINT('',(64.9431319145282,117.97242632862,-32.6233531794291));
#4154=CARTESIAN_POINT('',(62.4442789666647,120.472139417504,-32.6612015552904));
#4155=CARTESIAN_POINT('Origin',(65.,-0.500000000000007,-34.5));
#4156=CARTESIAN_POINT('',(64.,2.5,-1.5));
#4157=CARTESIAN_POINT('',(64.,-1.00148357108136E-31,-1.5));
#4158=CARTESIAN_POINT('',(63.9999998519777,2.49913970265496,-1.49999511526377));
#4159=CARTESIAN_POINT('',(64.,-1.00148357108136E-31,-1.5));
#4160=CARTESIAN_POINT('',(65.,1.99913962864379,-34.5000000000001));
#4161=CARTESIAN_POINT('',(64.4713364547712,2.26347140125818,-17.0541030074502));
#4162=CARTESIAN_POINT('',(65.,2.,-34.5000000000001));
#4163=CARTESIAN_POINT('',(65.,-0.500000000000007,-34.5000000000001));
#4164=CARTESIAN_POINT('',(65.,-0.500000000000007,-34.5000000000001));
#4165=CARTESIAN_POINT('Origin',(64.,120.,0.));
#4166=CARTESIAN_POINT('',(64.,2.5,0.));
#4167=CARTESIAN_POINT('Origin',(61.5,2.5,0.));
#4168=CARTESIAN_POINT('',(61.5000001316559,-9.62363121146173E-32,-1.5));
#4169=CARTESIAN_POINT('',(61.5,0.,0.));
#4170=CARTESIAN_POINT('Ctrl Pts',(61.5000001316559,4.32813507256213E-15,
-1.4999999999998));
#4171=CARTESIAN_POINT('Ctrl Pts',(61.6677624330764,8.8347638936236E-9,-1.49999941690567));
#4172=CARTESIAN_POINT('Ctrl Pts',(61.8351200370607,0.0168872364582317,-1.49920087402161));
#4173=CARTESIAN_POINT('Ctrl Pts',(62.1639240780374,0.0839382559026261,-1.49739977124979));
#4174=CARTESIAN_POINT('Ctrl Pts',(62.3245277704819,0.133926458542048,-1.49635472696524));
#4175=CARTESIAN_POINT('Ctrl Pts',(62.7784223354433,0.327078334823198,-1.49351856608316));
#4176=CARTESIAN_POINT('Ctrl Pts',(63.0501809838263,0.511811148034637,-1.49198141159927));
#4177=CARTESIAN_POINT('Ctrl Pts',(63.5075931695995,0.975035984031661,-1.49074425893382));
#4178=CARTESIAN_POINT('Ctrl Pts',(63.6888748228301,1.24909195187684,-1.49102426057243));
#4179=CARTESIAN_POINT('Ctrl Pts',(63.9362093470431,1.85127744666744,-1.49382245914562));
#4180=CARTESIAN_POINT('Ctrl Pts',(63.9998878438622,2.17364727412912,-1.49629884745297));
#4181=CARTESIAN_POINT('Ctrl Pts',(63.9999998519777,2.49913970265496,-1.49999511526346));
#4182=CARTESIAN_POINT('Origin',(62.5,2.,-35.5));
#4183=CARTESIAN_POINT('',(65.,2.,-35.5));
#4184=CARTESIAN_POINT('',(62.5,-0.5,-34.5));
#4185=CARTESIAN_POINT('Ctrl Pts',(64.9999998519713,1.99913968416782,-34.4999951150534));
#4186=CARTESIAN_POINT('Ctrl Pts',(64.9998878414489,1.67364725564235,-34.4962988472885));
#4187=CARTESIAN_POINT('Ctrl Pts',(64.9362093470432,1.35127744666745,-34.4938224591453));
#4188=CARTESIAN_POINT('Ctrl Pts',(64.68887482283,0.749091951876808,-34.4910242605722));
#4189=CARTESIAN_POINT('Ctrl Pts',(64.5075931695995,0.475035984031629,-34.4907442589337));
#4190=CARTESIAN_POINT('Ctrl Pts',(64.0501809838263,0.0118111480346263,-34.491981411599));
#4191=CARTESIAN_POINT('Ctrl Pts',(63.7784223354433,-0.17292166517681,-34.493518566083));
#4192=CARTESIAN_POINT('Ctrl Pts',(63.3245277704819,-0.366073541457956,-34.496354726965));
#4193=CARTESIAN_POINT('Ctrl Pts',(63.1639240780374,-0.416061744097376,-34.4973997712495));
#4194=CARTESIAN_POINT('Ctrl Pts',(62.8351200370608,-0.483112763541747,-34.4992008740213));
#4195=CARTESIAN_POINT('Ctrl Pts',(62.6677624330765,-0.499999991165237,-34.4999994169053));
#4196=CARTESIAN_POINT('Ctrl Pts',(62.5000001316559,-0.499999999999996,-34.4999999999993));
#4197=CARTESIAN_POINT('',(62.5,-0.5,-35.5));
#4198=CARTESIAN_POINT('Origin',(61.9724835069078,2.26347140125818,-17.1298258240522));
#4199=CARTESIAN_POINT('',(61.9724835069078,-0.236241687625935,-17.0919513833115));
#4200=CARTESIAN_POINT('Origin',(65.,-0.500000000000007,-35.5));
#4201=CARTESIAN_POINT('Origin',(-1.00000000000001,-0.5,-35.5));
#4202=CARTESIAN_POINT('',(1.4999998683441,-0.5,-34.5));
#4203=CARTESIAN_POINT('',(65.,-0.5,-34.5));
#4204=CARTESIAN_POINT('',(1.5,-0.5,-35.5));
#4205=CARTESIAN_POINT('Origin',(1.5,2.,-35.5));
#4206=CARTESIAN_POINT('Ctrl Pts',(1.4999998683441,-0.499999999999995,-34.4999999999992));
#4207=CARTESIAN_POINT('Ctrl Pts',(1.17500603637526,-0.499999982885053,-34.4999988704133));
#4208=CARTESIAN_POINT('Ctrl Pts',(0.853023623922514,-0.436627055963113,
-34.4974702018514));
#4209=CARTESIAN_POINT('Ctrl Pts',(0.250906783086805,-0.189918117354313,
-34.4936964105768));
#4210=CARTESIAN_POINT('Ctrl Pts',(-0.023340286529844,-0.00883385928090809,
-34.4921086893328));
#4211=CARTESIAN_POINT('Ctrl Pts',(-0.486962691676327,0.448247811661648,
-34.4907507514909));
#4212=CARTESIAN_POINT('Ctrl Pts',(-0.671911635804877,0.719861700619538,
-34.4909595808011));
#4213=CARTESIAN_POINT('Ctrl Pts',(-0.865495990861811,1.17377872970574,-34.4929662415958));
#4214=CARTESIAN_POINT('Ctrl Pts',(-0.915648747562172,1.3345281185387,-34.4939394625641));
#4215=CARTESIAN_POINT('Ctrl Pts',(-0.982957767239374,1.66364644099838,-34.4965038882395));
#4216=CARTESIAN_POINT('Ctrl Pts',(-0.999942053312632,1.83117841005387,-34.4980877593169));
#4217=CARTESIAN_POINT('Ctrl Pts',(-0.999999851977693,1.99913970265494,-34.4999951152639));
#4218=CARTESIAN_POINT('',(-1.,2.,-35.5));
#4219=CARTESIAN_POINT('Origin',(2.4971335533995,2.49827993141182,-1.63246283391229));
#4220=CARTESIAN_POINT('',(2.4971335533995,-0.00143315747229755,-1.59458839317162));
#4221=CARTESIAN_POINT('Origin',(64.,-1.00148357108136E-31,0.));
#4222=CARTESIAN_POINT('',(0.,0.,-1.5));
#4223=CARTESIAN_POINT('Origin',(3.50000000000001,116.,-35.5));
#4224=CARTESIAN_POINT('',(5.15000000000001,116.,-20.5));
#4225=CARTESIAN_POINT('',(5.15000000000001,116.,-35.5));
#4226=CARTESIAN_POINT('Origin',(3.50000000000001,116.,-20.5));
#4227=CARTESIAN_POINT('Origin',(3.50000000000001,116.,-20.5));
#4228=CARTESIAN_POINT('Origin',(60.5,3.99999999999999,-35.5));
#4229=CARTESIAN_POINT('',(62.15,3.99999999999999,-20.5));
#4230=CARTESIAN_POINT('',(62.15,3.99999999999999,-35.5));
#4231=CARTESIAN_POINT('Origin',(60.5,3.99999999999999,-20.5));
#4232=CARTESIAN_POINT('Origin',(60.5,3.99999999999999,-20.5));
#4233=CARTESIAN_POINT('Origin',(60.5,116.,-35.5));
#4234=CARTESIAN_POINT('',(62.15,116.,-20.5));
#4235=CARTESIAN_POINT('',(62.15,116.,-35.5));
#4236=CARTESIAN_POINT('Origin',(60.5,116.,-20.5));
#4237=CARTESIAN_POINT('Origin',(60.5,116.,-20.5));
#4238=CARTESIAN_POINT('Origin',(3.50000000000002,3.99999999999999,-35.5));
#4239=CARTESIAN_POINT('',(5.15000000000002,3.99999999999999,-20.5));
#4240=CARTESIAN_POINT('',(5.15000000000002,3.99999999999999,-35.5));
#4241=CARTESIAN_POINT('Origin',(3.50000000000002,3.99999999999999,-20.5));
#4242=CARTESIAN_POINT('Origin',(3.50000000000002,3.99999999999999,-20.5));
#4243=CARTESIAN_POINT('Origin',(32.,60.,-1.5));
#4244=CARTESIAN_POINT('',(9.48447205888941,2.48447205888941,-1.5));
#4245=CARTESIAN_POINT('',(63.5,2.4844720588894,-1.5));
#4246=CARTESIAN_POINT('',(9.48447205888941,0.,-1.5));
#4247=CARTESIAN_POINT('',(1.98447205888941,110.015527941111,-1.5));
#4248=CARTESIAN_POINT('',(1.9844720588894,0.999999999999997,-1.5));
#4249=CARTESIAN_POINT('',(8.,110.015527941111,-1.5));
#4250=CARTESIAN_POINT('',(54.5155279411106,117.515527941111,-1.5));
#4251=CARTESIAN_POINT('',(0.499999999999998,117.515527941111,-1.5));
#4252=CARTESIAN_POINT('',(54.5155279411106,119.,-1.5));
#4253=CARTESIAN_POINT('',(62.0155279411106,9.9844720588894,-1.5));
#4254=CARTESIAN_POINT('',(62.0155279411106,119.,-1.5));
#4255=CARTESIAN_POINT('',(56.,9.98447205888941,-1.5));
#4256=CARTESIAN_POINT('',(46.,15.,-1.5));
#4257=CARTESIAN_POINT('Origin',(52.,15.,-1.5));
#4258=CARTESIAN_POINT('',(6.,15.,-1.5));
#4259=CARTESIAN_POINT('Origin',(12.,15.,-1.5));
#4260=CARTESIAN_POINT('',(29.375,45.,-1.5));
#4261=CARTESIAN_POINT('Origin',(32.,45.,-1.5));
#4262=CARTESIAN_POINT('',(26.,15.,-1.5));
#4263=CARTESIAN_POINT('Origin',(32.,15.,-1.5));
#4264=CARTESIAN_POINT('',(53.625,80.,-1.5));
#4265=CARTESIAN_POINT('Origin',(57.,80.,-1.5));
#4266=CARTESIAN_POINT('',(33.625,80.,-1.5));
#4267=CARTESIAN_POINT('Origin',(37.,80.,-1.5));
#4268=CARTESIAN_POINT('',(9.375,45.,-1.5));
#4269=CARTESIAN_POINT('Origin',(12.,45.,-1.5));
#4270=CARTESIAN_POINT('',(43.625,80.,-1.5));
#4271=CARTESIAN_POINT('Origin',(47.,80.,-1.5));
#4272=CARTESIAN_POINT('',(8.25,105.,-1.5));
#4273=CARTESIAN_POINT('Origin',(12.,105.,-1.5));
#4274=CARTESIAN_POINT('',(23.625,80.,-1.5));
#4275=CARTESIAN_POINT('Origin',(27.,80.,-1.5));
#4276=CARTESIAN_POINT('',(13.625,80.,-1.5));
#4277=CARTESIAN_POINT('Origin',(17.,80.,-1.5));
#4278=CARTESIAN_POINT('',(8.375,60.,-1.5));
#4279=CARTESIAN_POINT('Origin',(12.,60.,-1.5));
#4280=CARTESIAN_POINT('',(28.625,60.,-1.5));
#4281=CARTESIAN_POINT('Origin',(32.,60.,-1.5));
#4282=CARTESIAN_POINT('',(48.625,60.,-1.5));
#4283=CARTESIAN_POINT('Origin',(52.,60.,-1.5));
#4284=CARTESIAN_POINT('',(3.625,80.,-1.5));
#4285=CARTESIAN_POINT('Origin',(7.,80.,-1.5));
#4286=CARTESIAN_POINT('',(28.25,105.,-1.5));
#4287=CARTESIAN_POINT('Origin',(32.,105.,-1.5));
#4288=CARTESIAN_POINT('',(49.375,45.,-1.5));
#4289=CARTESIAN_POINT('Origin',(52.,45.,-1.5));
#4290=CARTESIAN_POINT('',(48.25,105.,-1.5));
#4291=CARTESIAN_POINT('Origin',(52.,105.,-1.5));
#4292=CARTESIAN_POINT('Origin',(8.,0.999999999999996,-35.5));
#4293=CARTESIAN_POINT('',(8.04557690595544,1.04557690595545,-34.4561172315734));
#4294=CARTESIAN_POINT('Origin',(0.499999999999995,8.49999999999999,-35.5));
#4295=CARTESIAN_POINT('',(0.597800444029403,111.402199555971,-33.260001559418));
#4296=CARTESIAN_POINT('Origin',(0.499999999999998,111.5,-35.5));
#4297=CARTESIAN_POINT('Origin',(8.,119.,-35.5));
#4298=CARTESIAN_POINT('',(55.9544230940445,118.954423094045,-34.4561172315735));
#4299=CARTESIAN_POINT('Origin',(56.,119.,-35.5));
#4300=CARTESIAN_POINT('Origin',(63.5,111.5,-35.5));
#4301=CARTESIAN_POINT('',(63.4021995559706,8.5978004440294,-33.260001559418));
#4302=CARTESIAN_POINT('Origin',(63.5,8.49999999999999,-35.5));
#4303=CARTESIAN_POINT('Origin',(56.,0.999999999999995,-35.5));
#4304=CARTESIAN_POINT('Origin',(-0.999999999999998,0.,-1.5));
#4305=CARTESIAN_POINT('Origin',(-0.999999999999998,120.5,-35.5));
#4306=CARTESIAN_POINT('Origin',(-0.999999999999998,120.5,-34.5));
#4307=CARTESIAN_POINT('',(-0.999999999999998,120.5,-34.5));
#4308=CARTESIAN_POINT('Origin',(65.,120.5,-35.5));
#4309=CARTESIAN_POINT('Origin',(52.,105.,0.));
#4310=CARTESIAN_POINT('',(48.25,105.,0.));
#4311=CARTESIAN_POINT('Origin',(52.,45.,0.));
#4312=CARTESIAN_POINT('',(49.375,45.,0.));
#4313=CARTESIAN_POINT('Origin',(32.,105.,0.));
#4314=CARTESIAN_POINT('',(28.25,105.,0.));
#4315=CARTESIAN_POINT('Origin',(7.,80.,0.));
#4316=CARTESIAN_POINT('',(3.625,80.,0.));
#4317=CARTESIAN_POINT('Origin',(52.,60.,0.));
#4318=CARTESIAN_POINT('',(48.625,60.,0.));
#4319=CARTESIAN_POINT('Origin',(32.,60.,0.));
#4320=CARTESIAN_POINT('',(28.625,60.,0.));
#4321=CARTESIAN_POINT('Origin',(12.,60.,0.));
#4322=CARTESIAN_POINT('',(8.375,60.,0.));
#4323=CARTESIAN_POINT('Origin',(17.,80.,0.));
#4324=CARTESIAN_POINT('',(13.625,80.,0.));
#4325=CARTESIAN_POINT('Origin',(27.,80.,0.));
#4326=CARTESIAN_POINT('',(23.625,80.,0.));
#4327=CARTESIAN_POINT('Origin',(12.,105.,0.));
#4328=CARTESIAN_POINT('',(8.25,105.,0.));
#4329=CARTESIAN_POINT('Origin',(47.,80.,0.));
#4330=CARTESIAN_POINT('',(43.625,80.,0.));
#4331=CARTESIAN_POINT('Origin',(52.,15.,0.));
#4332=CARTESIAN_POINT('',(46.,15.,0.));
#4333=CARTESIAN_POINT('Origin',(12.,45.,0.));
#4334=CARTESIAN_POINT('',(9.375,45.,0.));
#4335=CARTESIAN_POINT('Origin',(37.,80.,0.));
#4336=CARTESIAN_POINT('',(33.625,80.,0.));
#4337=CARTESIAN_POINT('Origin',(57.,80.,0.));
#4338=CARTESIAN_POINT('',(53.625,80.,0.));
#4339=CARTESIAN_POINT('Origin',(32.,15.,0.));
#4340=CARTESIAN_POINT('',(26.,15.,0.));
#4341=CARTESIAN_POINT('Origin',(32.,45.,0.));
#4342=CARTESIAN_POINT('',(29.375,45.,0.));
#4343=CARTESIAN_POINT('Origin',(12.,15.,0.));
#4344=CARTESIAN_POINT('',(6.,15.,0.));
#4345=CARTESIAN_POINT('Origin',(60.5,3.99999999999999,-43.375));
#4346=CARTESIAN_POINT('',(62.5,0.650862068965522,-44.1508620689655));
#4347=CARTESIAN_POINT('',(57.4896013553019,1.,-44.5));
#4348=CARTESIAN_POINT('Ctrl Pts',(62.5,0.650862068965522,-44.1508620689655));
#4349=CARTESIAN_POINT('Ctrl Pts',(59.994800677651,-0.0402273992686727,-43.4597726007313));
#4350=CARTESIAN_POINT('Ctrl Pts',(57.4896013553019,1.,-44.5));
#4351=CARTESIAN_POINT('',(63.5,7.01039864469807,-44.5));
#4352=CARTESIAN_POINT('Origin',(60.5,3.99999999999999,-44.5));
#4353=CARTESIAN_POINT('',(64.125,3.99999999999999,-43.875));
#4354=CARTESIAN_POINT('Ctrl Pts',(63.5,7.01039864469809,-44.5));
#4355=CARTESIAN_POINT('Ctrl Pts',(64.125,5.50519932234903,-43.875));
#4356=CARTESIAN_POINT('Ctrl Pts',(64.125,3.99999999999999,-43.875));
#4357=CARTESIAN_POINT('',(62.5,3.99999999999999,-42.25));
#4358=CARTESIAN_POINT('',(63.625,3.99999999999999,-43.375));
#4359=CARTESIAN_POINT('Origin',(60.5,3.99999999999999,-42.25));
#4360=CARTESIAN_POINT('',(63.8491379310345,1.99999999999999,-44.1508620689655));
#4361=CARTESIAN_POINT('Ctrl Pts',(64.125,3.99999999999999,-43.875));
#4362=CARTESIAN_POINT('Ctrl Pts',(64.125,2.99999999999998,-43.875));
#4363=CARTESIAN_POINT('Ctrl Pts',(63.8491379310345,1.99999999999999,-44.1508620689655));
#4364=CARTESIAN_POINT('Ctrl Pts',(63.8491379310345,1.99999999999999,-44.1508620689655));
#4365=CARTESIAN_POINT('Ctrl Pts',(63.8270479411552,1.91992378668745,-44.1729520588448));
#4366=CARTESIAN_POINT('Ctrl Pts',(63.7998828087178,1.84029003905568,-44.19294010633));
#4367=CARTESIAN_POINT('Ctrl Pts',(63.6714787020849,1.5304140608584,-44.2620722335397));
#4368=CARTESIAN_POINT('Ctrl Pts',(63.5272217557442,1.31491115451484,-44.2892135623731));
#4369=CARTESIAN_POINT('Ctrl Pts',(63.1850888454852,0.972778244255777,-44.2892135623731));
#4370=CARTESIAN_POINT('Ctrl Pts',(62.9695859391416,0.828521297915109,-44.2620722335397));
#4371=CARTESIAN_POINT('Ctrl Pts',(62.6597099609443,0.700117191282163,-44.19294010633));
#4372=CARTESIAN_POINT('Ctrl Pts',(62.5800762133125,0.672952058844835,-44.1729520588448));
#4373=CARTESIAN_POINT('Ctrl Pts',(62.5,0.650862068965515,-44.1508620689655));
#4374=CARTESIAN_POINT('Origin',(62.5,2.,-43.75));
#4375=CARTESIAN_POINT('',(65.,1.99999999999999,-43.));
#4376=CARTESIAN_POINT('',(65.,1.99999999999999,-43.));
#4377=CARTESIAN_POINT('',(62.5,-0.499999999999998,-43.));
#4378=CARTESIAN_POINT('Origin',(62.5,2.,-43.));
#4379=CARTESIAN_POINT('',(62.5,-0.499999999999998,-43.));
#4380=CARTESIAN_POINT('Origin',(64.25,89.,-43.75));
#4381=CARTESIAN_POINT('',(63.5,112.989601355302,-44.5));
#4382=CARTESIAN_POINT('',(63.5,89.,-44.5));
#4383=CARTESIAN_POINT('',(64.125,116.,-43.875));
#4384=CARTESIAN_POINT('Ctrl Pts',(64.125,116.,-43.875));
#4385=CARTESIAN_POINT('Ctrl Pts',(64.125,114.494800677651,-43.875));
#4386=CARTESIAN_POINT('Ctrl Pts',(63.5,112.989601355302,-44.5));
#4387=CARTESIAN_POINT('',(63.8491379310345,118.,-44.1508620689655));
#4388=CARTESIAN_POINT('Ctrl Pts',(63.8491379310345,118.,-44.1508620689655));
#4389=CARTESIAN_POINT('Ctrl Pts',(64.125,117.,-43.875));
#4390=CARTESIAN_POINT('Ctrl Pts',(64.125,116.,-43.875));
#4391=CARTESIAN_POINT('',(65.,118.,-43.));
#4392=CARTESIAN_POINT('',(65.,118.,-43.));
#4393=CARTESIAN_POINT('',(65.,89.,-43.));
#4394=CARTESIAN_POINT('Origin',(60.5,3.99999999999999,-40.5));
#4395=CARTESIAN_POINT('',(62.5,3.99999999999999,-40.5));
#4396=CARTESIAN_POINT('',(62.5,3.99999999999999,-40.5));
#4397=CARTESIAN_POINT('Origin',(60.5,3.99999999999999,-40.5));
#4398=CARTESIAN_POINT('Origin',(3.50000000000002,3.99999999999999,-43.375));
#4399=CARTESIAN_POINT('',(0.150862068965519,2.,-44.1508620689655));
#4400=CARTESIAN_POINT('',(0.499999999999999,7.01039864469804,-44.5));
#4401=CARTESIAN_POINT('Ctrl Pts',(0.150862068965519,2.,-44.1508620689655));
#4402=CARTESIAN_POINT('Ctrl Pts',(-0.54022739926866,4.505199322349,-43.4597726007313));
#4403=CARTESIAN_POINT('Ctrl Pts',(0.499999999999998,7.01039864469806,-44.5));
#4404=CARTESIAN_POINT('',(7.75000000000003,3.99999999999999,-44.5));
#4405=CARTESIAN_POINT('Origin',(3.50000000000002,3.99999999999999,-44.5));
#4406=CARTESIAN_POINT('',(5.50000000000002,3.99999999999999,-42.25));
#4407=CARTESIAN_POINT('',(6.62500000000002,3.99999999999999,-43.375));
#4408=CARTESIAN_POINT('Origin',(3.50000000000002,3.99999999999999,-42.25));
#4409=CARTESIAN_POINT('',(6.51039864469811,0.999999999999999,-44.5));
#4410=CARTESIAN_POINT('Origin',(3.50000000000002,3.99999999999999,-44.5));
#4411=CARTESIAN_POINT('',(1.49999999999999,0.650862068965526,-44.1508620689655));
#4412=CARTESIAN_POINT('Ctrl Pts',(6.51039864469812,1.,-44.5));
#4413=CARTESIAN_POINT('Ctrl Pts',(4.00519932234903,-0.0402273992686807,
-43.4597726007313));
#4414=CARTESIAN_POINT('Ctrl Pts',(1.49999999999999,0.650862068965526,-44.1508620689655));
#4415=CARTESIAN_POINT('Ctrl Pts',(1.49999999999999,0.65086206896552,-44.1508620689655));
#4416=CARTESIAN_POINT('Ctrl Pts',(1.41992378668746,0.67295205884484,-44.1729520588448));
#4417=CARTESIAN_POINT('Ctrl Pts',(1.3402900390557,0.700117191282171,-44.19294010633));
#4418=CARTESIAN_POINT('Ctrl Pts',(1.03041406085842,0.828521297915113,-44.2620722335397));
#4419=CARTESIAN_POINT('Ctrl Pts',(0.814911154514865,0.972778244255768,-44.2892135623731));
#4420=CARTESIAN_POINT('Ctrl Pts',(0.472778244255794,1.31491115451483,-44.2892135623731));
#4421=CARTESIAN_POINT('Ctrl Pts',(0.328521297915131,1.53041406085839,-44.2620722335397));
#4422=CARTESIAN_POINT('Ctrl Pts',(0.200117191282177,1.84029003905568,-44.19294010633));
#4423=CARTESIAN_POINT('Ctrl Pts',(0.172952058844849,1.91992378668745,-44.1729520588449));
#4424=CARTESIAN_POINT('Ctrl Pts',(0.150862068965524,2.,-44.1508620689655));
#4425=CARTESIAN_POINT('Origin',(-0.25,31.,-43.75));
#4426=CARTESIAN_POINT('',(-1.,2.,-43.));
#4427=CARTESIAN_POINT('',(0.499999999999999,2.,-44.5));
#4428=CARTESIAN_POINT('',(-0.999999999999997,118.,-43.));
#4429=CARTESIAN_POINT('',(-1.,31.,-43.));
#4430=CARTESIAN_POINT('',(0.15086206896553,118.,-44.1508620689655));
#4431=CARTESIAN_POINT('',(-0.999999999999997,118.,-43.));
#4432=CARTESIAN_POINT('',(0.500000000000004,112.989601355302,-44.5));
#4433=CARTESIAN_POINT('Ctrl Pts',(0.499999999999998,112.989601355302,-44.5));
#4434=CARTESIAN_POINT('Ctrl Pts',(-0.540227399268666,115.494800677651,-43.4597726007313));
#4435=CARTESIAN_POINT('Ctrl Pts',(0.15086206896553,118.,-44.1508620689655));
#4436=CARTESIAN_POINT('',(0.5,31.,-44.5));
#4437=CARTESIAN_POINT('Origin',(1.5,2.,-43.75));
#4438=CARTESIAN_POINT('',(1.49999999999999,-0.5,-43.));
#4439=CARTESIAN_POINT('',(1.49999999999999,-0.5,-43.));
#4440=CARTESIAN_POINT('Origin',(1.5,2.,-43.));
#4441=CARTESIAN_POINT('Origin',(47.25,0.250000000000001,-43.75));
#4442=CARTESIAN_POINT('',(47.25,-0.499999999999998,-43.));
#4443=CARTESIAN_POINT('',(47.25,1.,-44.5));
#4444=CARTESIAN_POINT('Origin',(3.50000000000002,3.99999999999999,-40.5));
#4445=CARTESIAN_POINT('',(5.50000000000002,3.99999999999999,-40.5));
#4446=CARTESIAN_POINT('',(5.50000000000002,3.99999999999999,-40.5));
#4447=CARTESIAN_POINT('Origin',(3.50000000000002,3.99999999999999,-40.5));
#4448=CARTESIAN_POINT('Origin',(60.5,116.,-43.375));
#4449=CARTESIAN_POINT('',(62.5,116.,-42.25));
#4450=CARTESIAN_POINT('',(63.625,116.,-43.375));
#4451=CARTESIAN_POINT('Origin',(60.5,116.,-42.25));
#4452=CARTESIAN_POINT('',(57.4896013553019,119.,-44.5));
#4453=CARTESIAN_POINT('Origin',(60.5,116.,-44.5));
#4454=CARTESIAN_POINT('',(62.5,119.349137931034,-44.1508620689655));
#4455=CARTESIAN_POINT('Ctrl Pts',(57.489601355302,119.,-44.5));
#4456=CARTESIAN_POINT('Ctrl Pts',(59.994800677651,120.040227399269,-43.4597726007313));
#4457=CARTESIAN_POINT('Ctrl Pts',(62.5,119.349137931034,-44.1508620689655));
#4458=CARTESIAN_POINT('Ctrl Pts',(62.5,119.349137931034,-44.1508620689655));
#4459=CARTESIAN_POINT('Ctrl Pts',(62.5800762133125,119.327047941155,-44.1729520588449));
#4460=CARTESIAN_POINT('Ctrl Pts',(62.6597099609443,119.299882808718,-44.19294010633));
#4461=CARTESIAN_POINT('Ctrl Pts',(62.9695859391416,119.171478702085,-44.2620722335397));
#4462=CARTESIAN_POINT('Ctrl Pts',(63.1850888454852,119.027221755744,-44.2892135623731));
#4463=CARTESIAN_POINT('Ctrl Pts',(63.5272217557442,118.685088845485,-44.2892135623731));
#4464=CARTESIAN_POINT('Ctrl Pts',(63.6714787020849,118.469585939142,-44.2620722335397));
#4465=CARTESIAN_POINT('Ctrl Pts',(63.7998828087178,118.159709960944,-44.19294010633));
#4466=CARTESIAN_POINT('Ctrl Pts',(63.8270479411552,118.080076213313,-44.1729520588448));
#4467=CARTESIAN_POINT('Ctrl Pts',(63.8491379310345,118.,-44.1508620689655));
#4468=CARTESIAN_POINT('Origin',(62.5,118.,-43.75));
#4469=CARTESIAN_POINT('',(62.5,120.5,-43.));
#4470=CARTESIAN_POINT('',(62.5,120.5,-43.));
#4471=CARTESIAN_POINT('Origin',(62.5,118.,-43.));
#4472=CARTESIAN_POINT('Origin',(16.75,119.75,-43.75));
#4473=CARTESIAN_POINT('',(6.51039864469807,119.,-44.5));
#4474=CARTESIAN_POINT('',(16.75,119.,-44.5));
#4475=CARTESIAN_POINT('',(1.50000000000001,119.349137931034,-44.1508620689655));
#4476=CARTESIAN_POINT('Ctrl Pts',(1.50000000000001,119.349137931034,-44.1508620689655));
#4477=CARTESIAN_POINT('Ctrl Pts',(4.005199322349,120.040227399269,-43.4597726007314));
#4478=CARTESIAN_POINT('Ctrl Pts',(6.51039864469806,119.,-44.5));
#4479=CARTESIAN_POINT('',(1.5,120.5,-43.));
#4480=CARTESIAN_POINT('',(1.5,120.5,-43.));
#4481=CARTESIAN_POINT('',(16.75,120.5,-43.));
#4482=CARTESIAN_POINT('Origin',(60.5,116.,-40.5));
#4483=CARTESIAN_POINT('',(62.5,116.,-40.5));
#4484=CARTESIAN_POINT('',(62.5,116.,-40.5));
#4485=CARTESIAN_POINT('Origin',(60.5,116.,-40.5));
#4486=CARTESIAN_POINT('Origin',(3.50000000000001,116.,-43.375));
#4487=CARTESIAN_POINT('',(7.75000000000001,116.,-44.5));
#4488=CARTESIAN_POINT('Origin',(3.50000000000001,116.,-44.5));
#4489=CARTESIAN_POINT('',(5.50000000000001,116.,-42.25));
#4490=CARTESIAN_POINT('',(6.62500000000001,116.,-43.375));
#4491=CARTESIAN_POINT('Origin',(3.50000000000001,116.,-42.25));
#4492=CARTESIAN_POINT('Origin',(3.50000000000001,116.,-44.5));
#4493=CARTESIAN_POINT('Ctrl Pts',(0.150862068965525,118.,-44.1508620689655));
#4494=CARTESIAN_POINT('Ctrl Pts',(0.172952058844842,118.080076213313,-44.1729520588448));
#4495=CARTESIAN_POINT('Ctrl Pts',(0.20011719128218,118.159709960944,-44.1929401063301));
#4496=CARTESIAN_POINT('Ctrl Pts',(0.328521297915127,118.469585939142,-44.2620722335397));
#4497=CARTESIAN_POINT('Ctrl Pts',(0.47277824425578,118.685088845485,-44.2892135623731));
#4498=CARTESIAN_POINT('Ctrl Pts',(0.814911154514851,119.027221755744,-44.2892135623731));
#4499=CARTESIAN_POINT('Ctrl Pts',(1.03041406085841,119.171478702085,-44.2620722335397));
#4500=CARTESIAN_POINT('Ctrl Pts',(1.3402900390557,119.299882808718,-44.19294010633));
#4501=CARTESIAN_POINT('Ctrl Pts',(1.41992378668747,119.327047941155,-44.1729520588449));
#4502=CARTESIAN_POINT('Ctrl Pts',(1.50000000000001,119.349137931034,-44.1508620689655));
#4503=CARTESIAN_POINT('Origin',(1.50000000000001,118.,-43.75));
#4504=CARTESIAN_POINT('Origin',(1.50000000000001,118.,-43.));
#4505=CARTESIAN_POINT('Origin',(3.50000000000001,116.,-40.5));
#4506=CARTESIAN_POINT('',(5.50000000000001,116.,-40.5));
#4507=CARTESIAN_POINT('',(5.50000000000001,116.,-40.5));
#4508=CARTESIAN_POINT('Origin',(3.50000000000001,116.,-40.5));
#4509=CARTESIAN_POINT('Ctrl Pts',(10.5,3.50475889209071,-39.5));
#4510=CARTESIAN_POINT('Ctrl Pts',(10.5,3.50475889209071,-43.));
#4511=CARTESIAN_POINT('Ctrl Pts',(10.5,4.48201316832794,-39.5));
#4512=CARTESIAN_POINT('Ctrl Pts',(10.5,4.48201316832794,-43.));
#4513=CARTESIAN_POINT('Ctrl Pts',(10.3091155899619,5.44989135356849,-39.5));
#4514=CARTESIAN_POINT('Ctrl Pts',(10.3091155899619,5.44989135356849,-43.));
#4515=CARTESIAN_POINT('Ctrl Pts',(9.56709095204916,7.25664166408143,-39.5));
#4516=CARTESIAN_POINT('Ctrl Pts',(9.56709095204916,7.25664166408143,-43.));
#4517=CARTESIAN_POINT('Ctrl Pts',(9.02355409953683,8.07830857458604,-39.5));
#4518=CARTESIAN_POINT('Ctrl Pts',(9.02355409953683,8.07830857458604,-43.));
#4519=CARTESIAN_POINT('Ctrl Pts',(7.65225303684743,9.46656262053164,-39.5));
#4520=CARTESIAN_POINT('Ctrl Pts',(7.65225303684743,9.46656262053164,-43.));
#4521=CARTESIAN_POINT('Ctrl Pts',(6.83785803461986,10.0199229161281,-39.5));
#4522=CARTESIAN_POINT('Ctrl Pts',(6.83785803461986,10.0199229161281,-43.));
#4523=CARTESIAN_POINT('Ctrl Pts',(5.47731840007171,10.5986689418478,-39.5));
#4524=CARTESIAN_POINT('Ctrl Pts',(5.47731840007171,10.5986689418478,-43.));
#4525=CARTESIAN_POINT('Ctrl Pts',(4.99569459961605,10.7484858466961,-39.5));
#4526=CARTESIAN_POINT('Ctrl Pts',(4.99569459961605,10.7484858466961,-43.));
#4527=CARTESIAN_POINT('Ctrl Pts',(4.00972079655389,10.9494063638658,-39.5));
#4528=CARTESIAN_POINT('Ctrl Pts',(4.00972079655389,10.9494063638658,-43.));
#4529=CARTESIAN_POINT('Ctrl Pts',(3.50787740258399,11.,-39.5));
#4530=CARTESIAN_POINT('Ctrl Pts',(3.50787740258399,11.,-43.));
#4531=CARTESIAN_POINT('Ctrl Pts',(3.00475889209071,11.,-39.5));
#4532=CARTESIAN_POINT('Ctrl Pts',(3.00475889209071,11.,-43.));
#4533=CARTESIAN_POINT('',(3.00475889209071,11.,-40.5));
#4534=CARTESIAN_POINT('',(10.5,3.50475889209071,-40.5));
#4535=CARTESIAN_POINT('Ctrl Pts',(3.00475889209071,11.,-40.5));
#4536=CARTESIAN_POINT('Ctrl Pts',(3.50787740258399,11.,-40.5));
#4537=CARTESIAN_POINT('Ctrl Pts',(4.00972079655389,10.9494063638658,-40.5));
#4538=CARTESIAN_POINT('Ctrl Pts',(4.50270620525281,10.8489464094884,-40.5));
#4539=CARTESIAN_POINT('Ctrl Pts',(4.99569459961605,10.7484858466961,-40.5));
#4540=CARTESIAN_POINT('Ctrl Pts',(5.47731840007171,10.5986689418478,-40.5));
#4541=CARTESIAN_POINT('Ctrl Pts',(5.94029101857383,10.4017297596503,-40.5));
#4542=CARTESIAN_POINT('Ctrl Pts',(6.83785803461986,10.0199229161281,-40.5));
#4543=CARTESIAN_POINT('Ctrl Pts',(7.65225303684743,9.46656262053164,-40.5));
#4544=CARTESIAN_POINT('Ctrl Pts',(8.33770905480948,8.77263251565203,-40.5));
#4545=CARTESIAN_POINT('Ctrl Pts',(9.02355409953683,8.07830857458604,-40.5));
#4546=CARTESIAN_POINT('Ctrl Pts',(9.56709095204916,7.25664166408143,-40.5));
#4547=CARTESIAN_POINT('Ctrl Pts',(9.93785954227841,6.35385996210256,-40.5));
#4548=CARTESIAN_POINT('Ctrl Pts',(10.3091155899619,5.44989135356849,-40.5));
#4549=CARTESIAN_POINT('Ctrl Pts',(10.5,4.48201316832794,-40.5));
#4550=CARTESIAN_POINT('Ctrl Pts',(10.5,3.50475889209071,-40.5));
#4551=CARTESIAN_POINT('',(10.5,3.5047588920907,-43.));
#4552=CARTESIAN_POINT('',(10.5,3.50475889209071,-39.5));
#4553=CARTESIAN_POINT('',(3.00475889209071,11.,-43.));
#4554=CARTESIAN_POINT('Ctrl Pts',(10.5,3.50475889209071,-43.));
#4555=CARTESIAN_POINT('Ctrl Pts',(10.5,4.48201316832794,-43.));
#4556=CARTESIAN_POINT('Ctrl Pts',(10.3091155899619,5.44989135356849,-43.));
#4557=CARTESIAN_POINT('Ctrl Pts',(9.56709095204916,7.25664166408143,-43.));
#4558=CARTESIAN_POINT('Ctrl Pts',(9.02355409953683,8.07830857458604,-43.));
#4559=CARTESIAN_POINT('Ctrl Pts',(7.65225303684743,9.46656262053164,-43.));
#4560=CARTESIAN_POINT('Ctrl Pts',(6.83785803461986,10.0199229161281,-43.));
#4561=CARTESIAN_POINT('Ctrl Pts',(5.47731840007171,10.5986689418478,-43.));
#4562=CARTESIAN_POINT('Ctrl Pts',(4.99569459961605,10.7484858466961,-43.));
#4563=CARTESIAN_POINT('Ctrl Pts',(4.00972079655389,10.9494063638658,-43.));
#4564=CARTESIAN_POINT('Ctrl Pts',(3.50787740258399,11.,-43.));
#4565=CARTESIAN_POINT('Ctrl Pts',(3.00475889209071,11.,-43.));
#4566=CARTESIAN_POINT('',(3.00475889209071,11.,-39.5));
#4567=CARTESIAN_POINT('Ctrl Pts',(3.0047588920907,109.,-39.5));
#4568=CARTESIAN_POINT('Ctrl Pts',(3.0047588920907,109.,-43.));
#4569=CARTESIAN_POINT('Ctrl Pts',(3.98201316832792,109.,-39.5));
#4570=CARTESIAN_POINT('Ctrl Pts',(3.98201316832792,109.,-43.));
#4571=CARTESIAN_POINT('Ctrl Pts',(4.94989135356848,109.190884410038,-39.5));
#4572=CARTESIAN_POINT('Ctrl Pts',(4.94989135356848,109.190884410038,-43.));
#4573=CARTESIAN_POINT('Ctrl Pts',(6.75664166408143,109.932909047951,-39.5));
#4574=CARTESIAN_POINT('Ctrl Pts',(6.75664166408143,109.932909047951,-43.));
#4575=CARTESIAN_POINT('Ctrl Pts',(7.57830857458604,110.476445900463,-39.5));
#4576=CARTESIAN_POINT('Ctrl Pts',(7.57830857458604,110.476445900463,-43.));
#4577=CARTESIAN_POINT('Ctrl Pts',(8.96656262053166,111.847746963153,-39.5));
#4578=CARTESIAN_POINT('Ctrl Pts',(8.96656262053166,111.847746963153,-43.));
#4579=CARTESIAN_POINT('Ctrl Pts',(9.5199229161281,112.66214196538,-39.5));
#4580=CARTESIAN_POINT('Ctrl Pts',(9.5199229161281,112.66214196538,-43.));
#4581=CARTESIAN_POINT('Ctrl Pts',(10.0986689418478,114.022681599928,-39.5));
#4582=CARTESIAN_POINT('Ctrl Pts',(10.0986689418478,114.022681599928,-43.));
#4583=CARTESIAN_POINT('Ctrl Pts',(10.2484858466961,114.504305400384,-39.5));
#4584=CARTESIAN_POINT('Ctrl Pts',(10.2484858466961,114.504305400384,-43.));
#4585=CARTESIAN_POINT('Ctrl Pts',(10.4494063638658,115.490279203446,-39.5));
#4586=CARTESIAN_POINT('Ctrl Pts',(10.4494063638658,115.490279203446,-43.));
#4587=CARTESIAN_POINT('Ctrl Pts',(10.5,115.992122597416,-39.5));
#4588=CARTESIAN_POINT('Ctrl Pts',(10.5,115.992122597416,-43.));
#4589=CARTESIAN_POINT('Ctrl Pts',(10.5,116.495241107909,-39.5));
#4590=CARTESIAN_POINT('Ctrl Pts',(10.5,116.495241107909,-43.));
#4591=CARTESIAN_POINT('',(10.5,116.495241107909,-40.5));
#4592=CARTESIAN_POINT('',(3.0047588920907,109.,-40.5));
#4593=CARTESIAN_POINT('Ctrl Pts',(10.5,116.495241107909,-40.5));
#4594=CARTESIAN_POINT('Ctrl Pts',(10.5,115.992122597416,-40.5));
#4595=CARTESIAN_POINT('Ctrl Pts',(10.4494063638658,115.490279203446,-40.5));
#4596=CARTESIAN_POINT('Ctrl Pts',(10.3489464094885,114.997293794747,-40.5));
#4597=CARTESIAN_POINT('Ctrl Pts',(10.2484858466961,114.504305400384,-40.5));
#4598=CARTESIAN_POINT('Ctrl Pts',(10.0986689418478,114.022681599928,-40.5));
#4599=CARTESIAN_POINT('Ctrl Pts',(9.90172975965032,113.559708981426,-40.5));
#4600=CARTESIAN_POINT('Ctrl Pts',(9.5199229161281,112.66214196538,-40.5));
#4601=CARTESIAN_POINT('Ctrl Pts',(8.96656262053166,111.847746963153,-40.5));
#4602=CARTESIAN_POINT('Ctrl Pts',(8.27263251565203,111.162290945191,-40.5));
#4603=CARTESIAN_POINT('Ctrl Pts',(7.57830857458604,110.476445900463,-40.5));
#4604=CARTESIAN_POINT('Ctrl Pts',(6.75664166408143,109.932909047951,-40.5));
#4605=CARTESIAN_POINT('Ctrl Pts',(5.85385996210255,109.562140457722,-40.5));
#4606=CARTESIAN_POINT('Ctrl Pts',(4.94989135356848,109.190884410038,-40.5));
#4607=CARTESIAN_POINT('Ctrl Pts',(3.98201316832792,109.,-40.5));
#4608=CARTESIAN_POINT('Ctrl Pts',(3.0047588920907,109.,-40.5));
#4609=CARTESIAN_POINT('',(3.0047588920907,109.,-43.));
#4610=CARTESIAN_POINT('',(3.0047588920907,109.,-39.5));
#4611=CARTESIAN_POINT('',(10.5,116.495241107909,-43.));
#4612=CARTESIAN_POINT('Ctrl Pts',(3.0047588920907,109.,-43.));
#4613=CARTESIAN_POINT('Ctrl Pts',(3.98201316832792,109.,-43.));
#4614=CARTESIAN_POINT('Ctrl Pts',(4.94989135356848,109.190884410038,-43.));
#4615=CARTESIAN_POINT('Ctrl Pts',(6.75664166408143,109.932909047951,-43.));
#4616=CARTESIAN_POINT('Ctrl Pts',(7.57830857458604,110.476445900463,-43.));
#4617=CARTESIAN_POINT('Ctrl Pts',(8.96656262053166,111.847746963153,-43.));
#4618=CARTESIAN_POINT('Ctrl Pts',(9.5199229161281,112.66214196538,-43.));
#4619=CARTESIAN_POINT('Ctrl Pts',(10.0986689418478,114.022681599928,-43.));
#4620=CARTESIAN_POINT('Ctrl Pts',(10.2484858466961,114.504305400384,-43.));
#4621=CARTESIAN_POINT('Ctrl Pts',(10.4494063638658,115.490279203446,-43.));
#4622=CARTESIAN_POINT('Ctrl Pts',(10.5,115.992122597416,-43.));
#4623=CARTESIAN_POINT('Ctrl Pts',(10.5,116.495241107909,-43.));
#4624=CARTESIAN_POINT('',(10.5,116.495241107909,-39.5));
#4625=CARTESIAN_POINT('Ctrl Pts',(60.9952411079093,11.,-39.5));
#4626=CARTESIAN_POINT('Ctrl Pts',(60.9952411079093,11.,-43.));
#4627=CARTESIAN_POINT('Ctrl Pts',(60.017986831672,11.,-39.5));
#4628=CARTESIAN_POINT('Ctrl Pts',(60.017986831672,11.,-43.));
#4629=CARTESIAN_POINT('Ctrl Pts',(59.0501086464315,10.8091155899619,-39.5));
#4630=CARTESIAN_POINT('Ctrl Pts',(59.0501086464315,10.8091155899619,-43.));
#4631=CARTESIAN_POINT('Ctrl Pts',(57.2433583359185,10.0670909520491,-39.5));
#4632=CARTESIAN_POINT('Ctrl Pts',(57.2433583359185,10.0670909520491,-43.));
#4633=CARTESIAN_POINT('Ctrl Pts',(56.4216914254139,9.52355409953681,-39.5));
#4634=CARTESIAN_POINT('Ctrl Pts',(56.4216914254139,9.52355409953681,-43.));
#4635=CARTESIAN_POINT('Ctrl Pts',(55.0334373794683,8.15225303684742,-39.5));
#4636=CARTESIAN_POINT('Ctrl Pts',(55.0334373794683,8.15225303684742,-43.));
#4637=CARTESIAN_POINT('Ctrl Pts',(54.4800770838719,7.33785803461986,-39.5));
#4638=CARTESIAN_POINT('Ctrl Pts',(54.4800770838719,7.33785803461986,-43.));
#4639=CARTESIAN_POINT('Ctrl Pts',(53.9013310581522,5.97731840007171,-39.5));
#4640=CARTESIAN_POINT('Ctrl Pts',(53.9013310581522,5.97731840007171,-43.));
#4641=CARTESIAN_POINT('Ctrl Pts',(53.7515141533038,5.49569459961606,-39.5));
#4642=CARTESIAN_POINT('Ctrl Pts',(53.7515141533038,5.49569459961606,-43.));
#4643=CARTESIAN_POINT('Ctrl Pts',(53.5505936361342,4.50972079655387,-39.5));
#4644=CARTESIAN_POINT('Ctrl Pts',(53.5505936361342,4.50972079655387,-43.));
#4645=CARTESIAN_POINT('Ctrl Pts',(53.5,4.00787740258395,-39.5));
#4646=CARTESIAN_POINT('Ctrl Pts',(53.5,4.00787740258395,-43.));
#4647=CARTESIAN_POINT('Ctrl Pts',(53.5,3.50475889209071,-39.5));
#4648=CARTESIAN_POINT('Ctrl Pts',(53.5,3.50475889209071,-43.));
#4649=CARTESIAN_POINT('',(53.5,3.50475889209071,-40.5));
#4650=CARTESIAN_POINT('',(60.9952411079093,11.,-40.5));
#4651=CARTESIAN_POINT('Ctrl Pts',(53.5,3.50475889209071,-40.5));
#4652=CARTESIAN_POINT('Ctrl Pts',(53.5,4.00787740258395,-40.5));
#4653=CARTESIAN_POINT('Ctrl Pts',(53.5505936361342,4.50972079655387,-40.5));
#4654=CARTESIAN_POINT('Ctrl Pts',(53.6510535905115,5.0027062052528,-40.5));
#4655=CARTESIAN_POINT('Ctrl Pts',(53.7515141533038,5.49569459961606,-40.5));
#4656=CARTESIAN_POINT('Ctrl Pts',(53.9013310581522,5.97731840007171,-40.5));
#4657=CARTESIAN_POINT('Ctrl Pts',(54.0982702403497,6.44029101857381,-40.5));
#4658=CARTESIAN_POINT('Ctrl Pts',(54.4800770838719,7.33785803461986,-40.5));
#4659=CARTESIAN_POINT('Ctrl Pts',(55.0334373794683,8.15225303684742,-40.5));
#4660=CARTESIAN_POINT('Ctrl Pts',(55.727367484348,8.83770905480947,-40.5));
#4661=CARTESIAN_POINT('Ctrl Pts',(56.4216914254139,9.52355409953681,-40.5));
#4662=CARTESIAN_POINT('Ctrl Pts',(57.2433583359185,10.0670909520491,-40.5));
#4663=CARTESIAN_POINT('Ctrl Pts',(58.1461400378974,10.4378595422784,-40.5));
#4664=CARTESIAN_POINT('Ctrl Pts',(59.0501086464315,10.8091155899619,-40.5));
#4665=CARTESIAN_POINT('Ctrl Pts',(60.017986831672,11.,-40.5));
#4666=CARTESIAN_POINT('Ctrl Pts',(60.9952411079093,11.,-40.5));
#4667=CARTESIAN_POINT('',(60.9952411079093,11.,-43.));
#4668=CARTESIAN_POINT('',(60.9952411079093,11.,-39.5));
#4669=CARTESIAN_POINT('',(53.5,3.50475889209072,-43.));
#4670=CARTESIAN_POINT('Ctrl Pts',(60.9952411079093,11.,-43.));
#4671=CARTESIAN_POINT('Ctrl Pts',(60.017986831672,11.,-43.));
#4672=CARTESIAN_POINT('Ctrl Pts',(59.0501086464315,10.8091155899619,-43.));
#4673=CARTESIAN_POINT('Ctrl Pts',(57.2433583359185,10.0670909520491,-43.));
#4674=CARTESIAN_POINT('Ctrl Pts',(56.4216914254139,9.52355409953681,-43.));
#4675=CARTESIAN_POINT('Ctrl Pts',(55.0334373794683,8.15225303684742,-43.));
#4676=CARTESIAN_POINT('Ctrl Pts',(54.4800770838719,7.33785803461986,-43.));
#4677=CARTESIAN_POINT('Ctrl Pts',(53.9013310581522,5.97731840007171,-43.));
#4678=CARTESIAN_POINT('Ctrl Pts',(53.7515141533038,5.49569459961606,-43.));
#4679=CARTESIAN_POINT('Ctrl Pts',(53.5505936361342,4.50972079655387,-43.));
#4680=CARTESIAN_POINT('Ctrl Pts',(53.5,4.00787740258395,-43.));
#4681=CARTESIAN_POINT('Ctrl Pts',(53.5,3.50475889209071,-43.));
#4682=CARTESIAN_POINT('',(53.5,3.50475889209071,-39.5));
#4683=CARTESIAN_POINT('Ctrl Pts',(53.5,116.495241107909,-39.5));
#4684=CARTESIAN_POINT('Ctrl Pts',(53.5,116.495241107909,-43.));
#4685=CARTESIAN_POINT('Ctrl Pts',(53.5,115.517986831672,-39.5));
#4686=CARTESIAN_POINT('Ctrl Pts',(53.5,115.517986831672,-43.));
#4687=CARTESIAN_POINT('Ctrl Pts',(53.6908844100381,114.550108646432,-39.5));
#4688=CARTESIAN_POINT('Ctrl Pts',(53.6908844100381,114.550108646432,-43.));
#4689=CARTESIAN_POINT('Ctrl Pts',(54.4329090479508,112.743358335919,-39.5));
#4690=CARTESIAN_POINT('Ctrl Pts',(54.4329090479508,112.743358335919,-43.));
#4691=CARTESIAN_POINT('Ctrl Pts',(54.9764459004631,111.921691425414,-39.5));
#4692=CARTESIAN_POINT('Ctrl Pts',(54.9764459004631,111.921691425414,-43.));
#4693=CARTESIAN_POINT('Ctrl Pts',(56.3477469631526,110.533437379468,-39.5));
#4694=CARTESIAN_POINT('Ctrl Pts',(56.3477469631526,110.533437379468,-43.));
#4695=CARTESIAN_POINT('Ctrl Pts',(57.1621419653802,109.980077083872,-39.5));
#4696=CARTESIAN_POINT('Ctrl Pts',(57.1621419653802,109.980077083872,-43.));
#4697=CARTESIAN_POINT('Ctrl Pts',(58.5226815999283,109.401331058152,-39.5));
#4698=CARTESIAN_POINT('Ctrl Pts',(58.5226815999283,109.401331058152,-43.));
#4699=CARTESIAN_POINT('Ctrl Pts',(59.004305400384,109.251514153304,-39.5));
#4700=CARTESIAN_POINT('Ctrl Pts',(59.004305400384,109.251514153304,-43.));
#4701=CARTESIAN_POINT('Ctrl Pts',(59.9902792034461,109.050593636134,-39.5));
#4702=CARTESIAN_POINT('Ctrl Pts',(59.9902792034461,109.050593636134,-43.));
#4703=CARTESIAN_POINT('Ctrl Pts',(60.492122597416,109.,-39.5));
#4704=CARTESIAN_POINT('Ctrl Pts',(60.492122597416,109.,-43.));
#4705=CARTESIAN_POINT('Ctrl Pts',(60.9952411079093,109.,-39.5));
#4706=CARTESIAN_POINT('Ctrl Pts',(60.9952411079093,109.,-43.));
#4707=CARTESIAN_POINT('',(60.9952411079093,109.,-40.5));
#4708=CARTESIAN_POINT('',(53.5,116.495241107909,-40.5));
#4709=CARTESIAN_POINT('Ctrl Pts',(60.9952411079093,109.,-40.5));
#4710=CARTESIAN_POINT('Ctrl Pts',(60.492122597416,109.,-40.5));
#4711=CARTESIAN_POINT('Ctrl Pts',(59.9902792034461,109.050593636134,-40.5));
#4712=CARTESIAN_POINT('Ctrl Pts',(59.4972937947472,109.151053590512,-40.5));
#4713=CARTESIAN_POINT('Ctrl Pts',(59.004305400384,109.251514153304,-40.5));
#4714=CARTESIAN_POINT('Ctrl Pts',(58.5226815999283,109.401331058152,-40.5));
#4715=CARTESIAN_POINT('Ctrl Pts',(58.0597089814262,109.59827024035,-40.5));
#4716=CARTESIAN_POINT('Ctrl Pts',(57.1621419653802,109.980077083872,-40.5));
#4717=CARTESIAN_POINT('Ctrl Pts',(56.3477469631526,110.533437379468,-40.5));
#4718=CARTESIAN_POINT('Ctrl Pts',(55.6622909451905,111.227367484348,-40.5));
#4719=CARTESIAN_POINT('Ctrl Pts',(54.9764459004631,111.921691425414,-40.5));
#4720=CARTESIAN_POINT('Ctrl Pts',(54.4329090479508,112.743358335919,-40.5));
#4721=CARTESIAN_POINT('Ctrl Pts',(54.0621404577216,113.646140037897,-40.5));
#4722=CARTESIAN_POINT('Ctrl Pts',(53.6908844100381,114.550108646432,-40.5));
#4723=CARTESIAN_POINT('Ctrl Pts',(53.5,115.517986831672,-40.5));
#4724=CARTESIAN_POINT('Ctrl Pts',(53.5,116.495241107909,-40.5));
#4725=CARTESIAN_POINT('',(53.5,116.495241107909,-43.));
#4726=CARTESIAN_POINT('',(53.5,116.495241107909,-39.5));
#4727=CARTESIAN_POINT('',(60.9952411079093,109.,-43.));
#4728=CARTESIAN_POINT('Ctrl Pts',(53.5,116.495241107909,-43.));
#4729=CARTESIAN_POINT('Ctrl Pts',(53.5,115.517986831672,-43.));
#4730=CARTESIAN_POINT('Ctrl Pts',(53.6908844100381,114.550108646432,-43.));
#4731=CARTESIAN_POINT('Ctrl Pts',(54.4329090479508,112.743358335919,-43.));
#4732=CARTESIAN_POINT('Ctrl Pts',(54.9764459004631,111.921691425414,-43.));
#4733=CARTESIAN_POINT('Ctrl Pts',(56.3477469631526,110.533437379468,-43.));
#4734=CARTESIAN_POINT('Ctrl Pts',(57.1621419653802,109.980077083872,-43.));
#4735=CARTESIAN_POINT('Ctrl Pts',(58.5226815999283,109.401331058152,-43.));
#4736=CARTESIAN_POINT('Ctrl Pts',(59.004305400384,109.251514153304,-43.));
#4737=CARTESIAN_POINT('Ctrl Pts',(59.9902792034461,109.050593636134,-43.));
#4738=CARTESIAN_POINT('Ctrl Pts',(60.492122597416,109.,-43.));
#4739=CARTESIAN_POINT('Ctrl Pts',(60.9952411079093,109.,-43.));
#4740=CARTESIAN_POINT('',(60.9952411079093,109.,-39.5));
#4741=CARTESIAN_POINT('Origin',(32.,60.,-43.));
#4742=CARTESIAN_POINT('',(10.5,116.5,-43.));
#4743=CARTESIAN_POINT('',(10.5000000000132,88.2476205539496,-43.));
#4744=CARTESIAN_POINT('',(3.,109.,-43.));
#4745=CARTESIAN_POINT('',(17.5,109.,-43.));
#4746=CARTESIAN_POINT('',(3.,11.,-43.));
#4747=CARTESIAN_POINT('',(3.,35.5,-43.));
#4748=CARTESIAN_POINT('',(17.5023794460454,11.,-43.));
#4749=CARTESIAN_POINT('',(10.5,3.5,-43.));
#4750=CARTESIAN_POINT('',(10.5,31.75,-43.));
#4751=CARTESIAN_POINT('',(53.5,3.5,-43.));
#4752=CARTESIAN_POINT('',(42.75,3.5,-43.));
#4753=CARTESIAN_POINT('',(53.5,31.7523794460454,-43.));
#4754=CARTESIAN_POINT('',(61.,11.,-43.));
#4755=CARTESIAN_POINT('',(46.5000000000114,10.9999999999932,-43.));
#4756=CARTESIAN_POINT('',(61.,109.,-43.));
#4757=CARTESIAN_POINT('',(61.,84.5,-43.));
#4758=CARTESIAN_POINT('',(46.4976205539547,109.,-43.));
#4759=CARTESIAN_POINT('',(53.5,116.5,-43.));
#4760=CARTESIAN_POINT('',(53.5,88.25,-43.));
#4761=CARTESIAN_POINT('',(21.25,116.5,-43.));
#4762=CARTESIAN_POINT('Origin',(10.5,116.5,-40.5));
#4763=CARTESIAN_POINT('',(53.5,116.5,-39.5));
#4764=CARTESIAN_POINT('',(53.5,116.5,-40.5));
#4765=CARTESIAN_POINT('',(10.5,116.5,-39.5));
#4766=CARTESIAN_POINT('',(42.75,116.5,-39.5));
#4767=CARTESIAN_POINT('',(10.5,116.5,-39.5));
#4768=CARTESIAN_POINT('Origin',(10.5,116.495241107909,-40.5));
#4769=CARTESIAN_POINT('',(10.5,116.495241107909,-39.5));
#4770=CARTESIAN_POINT('',(10.5000000000132,88.249999999995,-39.5));
#4771=CARTESIAN_POINT('',(10.5,116.495241107909,-40.5));
#4772=CARTESIAN_POINT('Ctrl Pts',(3.0047588920907,109.,-40.5));
#4773=CARTESIAN_POINT('Ctrl Pts',(3.0047588920907,109.,-39.5));
#4774=CARTESIAN_POINT('Ctrl Pts',(3.50787740258402,109.,-40.5));
#4775=CARTESIAN_POINT('Ctrl Pts',(3.50787740258402,109.,-39.5));
#4776=CARTESIAN_POINT('Ctrl Pts',(4.00972079655391,109.050593636134,-40.5));
#4777=CARTESIAN_POINT('Ctrl Pts',(4.00972079655391,109.050593636134,-39.5));
#4778=CARTESIAN_POINT('Ctrl Pts',(4.99569459961606,109.251514153304,-40.5));
#4779=CARTESIAN_POINT('Ctrl Pts',(4.99569459961606,109.251514153304,-39.5));
#4780=CARTESIAN_POINT('Ctrl Pts',(5.47731840007172,109.401331058152,-40.5));
#4781=CARTESIAN_POINT('Ctrl Pts',(5.47731840007172,109.401331058152,-39.5));
#4782=CARTESIAN_POINT('Ctrl Pts',(6.83785803461981,109.980077083872,-40.5));
#4783=CARTESIAN_POINT('Ctrl Pts',(6.83785803461981,109.980077083872,-39.5));
#4784=CARTESIAN_POINT('Ctrl Pts',(7.65225303684742,110.533437379468,-40.5));
#4785=CARTESIAN_POINT('Ctrl Pts',(7.65225303684742,110.533437379468,-39.5));
#4786=CARTESIAN_POINT('Ctrl Pts',(9.02355409953685,111.921691425414,-40.5));
#4787=CARTESIAN_POINT('Ctrl Pts',(9.02355409953685,111.921691425414,-39.5));
#4788=CARTESIAN_POINT('Ctrl Pts',(9.56709095204917,112.743358335919,-40.5));
#4789=CARTESIAN_POINT('Ctrl Pts',(9.56709095204917,112.743358335919,-39.5));
#4790=CARTESIAN_POINT('Ctrl Pts',(10.3091155899619,114.550108646432,-40.5));
#4791=CARTESIAN_POINT('Ctrl Pts',(10.3091155899619,114.550108646432,-39.5));
#4792=CARTESIAN_POINT('Ctrl Pts',(10.5,115.517986831672,-40.5));
#4793=CARTESIAN_POINT('Ctrl Pts',(10.5,115.517986831672,-39.5));
#4794=CARTESIAN_POINT('Ctrl Pts',(10.5,116.495241107909,-40.5));
#4795=CARTESIAN_POINT('Ctrl Pts',(10.5,116.495241107909,-39.5));
#4796=CARTESIAN_POINT('',(3.0047588920907,109.,-39.5));
#4797=CARTESIAN_POINT('Ctrl Pts',(3.0047588920907,109.,-39.5));
#4798=CARTESIAN_POINT('Ctrl Pts',(3.50787740258402,109.,-39.5));
#4799=CARTESIAN_POINT('Ctrl Pts',(4.00972079655391,109.050593636134,-39.5));
#4800=CARTESIAN_POINT('Ctrl Pts',(4.50270620525281,109.151053590512,-39.5));
#4801=CARTESIAN_POINT('Ctrl Pts',(4.99569459961606,109.251514153304,-39.5));
#4802=CARTESIAN_POINT('Ctrl Pts',(5.47731840007172,109.401331058152,-39.5));
#4803=CARTESIAN_POINT('Ctrl Pts',(5.94029101857384,109.59827024035,-39.5));
#4804=CARTESIAN_POINT('Ctrl Pts',(6.83785803461981,109.980077083872,-39.5));
#4805=CARTESIAN_POINT('Ctrl Pts',(7.65225303684742,110.533437379468,-39.5));
#4806=CARTESIAN_POINT('Ctrl Pts',(8.33770905480949,111.227367484348,-39.5));
#4807=CARTESIAN_POINT('Ctrl Pts',(9.02355409953685,111.921691425414,-39.5));
#4808=CARTESIAN_POINT('Ctrl Pts',(9.56709095204917,112.743358335919,-39.5));
#4809=CARTESIAN_POINT('Ctrl Pts',(9.93785954227841,113.646140037897,-39.5));
#4810=CARTESIAN_POINT('Ctrl Pts',(10.3091155899619,114.550108646432,-39.5));
#4811=CARTESIAN_POINT('Ctrl Pts',(10.5,115.517986831672,-39.5));
#4812=CARTESIAN_POINT('Ctrl Pts',(10.5,116.495241107909,-39.5));
#4813=CARTESIAN_POINT('',(3.0047588920907,109.,-40.5));
#4814=CARTESIAN_POINT('Origin',(3.,109.,-40.5));
#4815=CARTESIAN_POINT('',(3.,109.,-39.5));
#4816=CARTESIAN_POINT('',(17.5023794460454,109.,-39.5));
#4817=CARTESIAN_POINT('',(3.,109.,-39.5));
#4818=CARTESIAN_POINT('Origin',(3.,11.,-40.5));
#4819=CARTESIAN_POINT('',(3.,11.,-39.5));
#4820=CARTESIAN_POINT('',(3.,84.5,-39.5));
#4821=CARTESIAN_POINT('',(3.,11.,-39.5));
#4822=CARTESIAN_POINT('Origin',(3.00475889209071,11.,-40.5));
#4823=CARTESIAN_POINT('',(3.0047588920907,11.,-39.5));
#4824=CARTESIAN_POINT('',(17.5,11.,-39.5));
#4825=CARTESIAN_POINT('',(3.00475889209071,11.,-40.5));
#4826=CARTESIAN_POINT('Ctrl Pts',(10.5,3.5047588920907,-40.5));
#4827=CARTESIAN_POINT('Ctrl Pts',(10.5,3.5047588920907,-39.5));
#4828=CARTESIAN_POINT('Ctrl Pts',(10.5,4.00787740258398,-40.5));
#4829=CARTESIAN_POINT('Ctrl Pts',(10.5,4.00787740258398,-39.5));
#4830=CARTESIAN_POINT('Ctrl Pts',(10.4494063638658,4.50972079655389,-40.5));
#4831=CARTESIAN_POINT('Ctrl Pts',(10.4494063638658,4.50972079655389,-39.5));
#4832=CARTESIAN_POINT('Ctrl Pts',(10.2484858466961,5.49569459961605,-40.5));
#4833=CARTESIAN_POINT('Ctrl Pts',(10.2484858466961,5.49569459961605,-39.5));
#4834=CARTESIAN_POINT('Ctrl Pts',(10.0986689418478,5.97731840007171,-40.5));
#4835=CARTESIAN_POINT('Ctrl Pts',(10.0986689418478,5.97731840007171,-39.5));
#4836=CARTESIAN_POINT('Ctrl Pts',(9.51992291612809,7.33785803461986,-40.5));
#4837=CARTESIAN_POINT('Ctrl Pts',(9.51992291612809,7.33785803461986,-39.5));
#4838=CARTESIAN_POINT('Ctrl Pts',(8.96656262053164,8.15225303684743,-40.5));
#4839=CARTESIAN_POINT('Ctrl Pts',(8.96656262053164,8.15225303684743,-39.5));
#4840=CARTESIAN_POINT('Ctrl Pts',(7.57830857458605,9.52355409953683,-40.5));
#4841=CARTESIAN_POINT('Ctrl Pts',(7.57830857458605,9.52355409953683,-39.5));
#4842=CARTESIAN_POINT('Ctrl Pts',(6.75664166408144,10.0670909520492,-40.5));
#4843=CARTESIAN_POINT('Ctrl Pts',(6.75664166408144,10.0670909520492,-39.5));
#4844=CARTESIAN_POINT('Ctrl Pts',(4.9498913535685,10.8091155899619,-40.5));
#4845=CARTESIAN_POINT('Ctrl Pts',(4.9498913535685,10.8091155899619,-39.5));
#4846=CARTESIAN_POINT('Ctrl Pts',(3.98201316832794,11.,-40.5));
#4847=CARTESIAN_POINT('Ctrl Pts',(3.98201316832794,11.,-39.5));
#4848=CARTESIAN_POINT('Ctrl Pts',(3.00475889209071,11.,-40.5));
#4849=CARTESIAN_POINT('Ctrl Pts',(3.00475889209071,11.,-39.5));
#4850=CARTESIAN_POINT('',(10.5,3.5047588920907,-39.5));
#4851=CARTESIAN_POINT('Ctrl Pts',(10.5,3.5047588920907,-39.5));
#4852=CARTESIAN_POINT('Ctrl Pts',(10.5,4.00787740258398,-39.5));
#4853=CARTESIAN_POINT('Ctrl Pts',(10.4494063638658,4.50972079655389,-39.5));
#4854=CARTESIAN_POINT('Ctrl Pts',(10.3489464094885,5.0027062052528,-39.5));
#4855=CARTESIAN_POINT('Ctrl Pts',(10.2484858466961,5.49569459961605,-39.5));
#4856=CARTESIAN_POINT('Ctrl Pts',(10.0986689418478,5.97731840007171,-39.5));
#4857=CARTESIAN_POINT('Ctrl Pts',(9.90172975965033,6.44029101857383,-39.5));
#4858=CARTESIAN_POINT('Ctrl Pts',(9.51992291612809,7.33785803461986,-39.5));
#4859=CARTESIAN_POINT('Ctrl Pts',(8.96656262053164,8.15225303684743,-39.5));
#4860=CARTESIAN_POINT('Ctrl Pts',(8.27263251565203,8.83770905480948,-39.5));
#4861=CARTESIAN_POINT('Ctrl Pts',(7.57830857458605,9.52355409953683,-39.5));
#4862=CARTESIAN_POINT('Ctrl Pts',(6.75664166408144,10.0670909520492,-39.5));
#4863=CARTESIAN_POINT('Ctrl Pts',(5.85385996210256,10.4378595422784,-39.5));
#4864=CARTESIAN_POINT('Ctrl Pts',(4.9498913535685,10.8091155899619,-39.5));
#4865=CARTESIAN_POINT('Ctrl Pts',(3.98201316832794,11.,-39.5));
#4866=CARTESIAN_POINT('Ctrl Pts',(3.00475889209071,11.,-39.5));
#4867=CARTESIAN_POINT('',(10.5,3.50475889209071,-40.5));
#4868=CARTESIAN_POINT('Origin',(10.5,3.5,-40.5));
#4869=CARTESIAN_POINT('',(10.5,3.5,-39.5));
#4870=CARTESIAN_POINT('',(10.5,31.7523794460454,-39.5));
#4871=CARTESIAN_POINT('',(10.5,3.5,-39.5));
#4872=CARTESIAN_POINT('Origin',(53.5,3.5,-40.5));
#4873=CARTESIAN_POINT('',(53.5,3.5,-39.5));
#4874=CARTESIAN_POINT('',(21.25,3.5,-39.5));
#4875=CARTESIAN_POINT('',(53.5,3.5,-39.5));
#4876=CARTESIAN_POINT('Origin',(53.5,3.50475889209072,-40.5));
#4877=CARTESIAN_POINT('',(53.5,3.50475889209072,-39.5));
#4878=CARTESIAN_POINT('',(53.5,31.75,-39.5));
#4879=CARTESIAN_POINT('',(53.5,3.50475889209071,-40.5));
#4880=CARTESIAN_POINT('Ctrl Pts',(60.9952411079093,11.,-40.5));
#4881=CARTESIAN_POINT('Ctrl Pts',(60.9952411079093,11.,-39.5));
#4882=CARTESIAN_POINT('Ctrl Pts',(60.492122597416,11.,-40.5));
#4883=CARTESIAN_POINT('Ctrl Pts',(60.492122597416,11.,-39.5));
#4884=CARTESIAN_POINT('Ctrl Pts',(59.9902792034461,10.9494063638658,-40.5));
#4885=CARTESIAN_POINT('Ctrl Pts',(59.9902792034461,10.9494063638658,-39.5));
#4886=CARTESIAN_POINT('Ctrl Pts',(59.0043054003839,10.7484858466961,-40.5));
#4887=CARTESIAN_POINT('Ctrl Pts',(59.0043054003839,10.7484858466961,-39.5));
#4888=CARTESIAN_POINT('Ctrl Pts',(58.5226815999283,10.5986689418478,-40.5));
#4889=CARTESIAN_POINT('Ctrl Pts',(58.5226815999283,10.5986689418478,-39.5));
#4890=CARTESIAN_POINT('Ctrl Pts',(57.1621419653801,10.0199229161281,-40.5));
#4891=CARTESIAN_POINT('Ctrl Pts',(57.1621419653801,10.0199229161281,-39.5));
#4892=CARTESIAN_POINT('Ctrl Pts',(56.3477469631526,9.46656262053164,-40.5));
#4893=CARTESIAN_POINT('Ctrl Pts',(56.3477469631526,9.46656262053164,-39.5));
#4894=CARTESIAN_POINT('Ctrl Pts',(54.9764459004632,8.07830857458607,-40.5));
#4895=CARTESIAN_POINT('Ctrl Pts',(54.9764459004632,8.07830857458607,-39.5));
#4896=CARTESIAN_POINT('Ctrl Pts',(54.4329090479509,7.25664166408149,-40.5));
#4897=CARTESIAN_POINT('Ctrl Pts',(54.4329090479509,7.25664166408149,-39.5));
#4898=CARTESIAN_POINT('Ctrl Pts',(53.6908844100381,5.44989135356848,-40.5));
#4899=CARTESIAN_POINT('Ctrl Pts',(53.6908844100381,5.44989135356848,-39.5));
#4900=CARTESIAN_POINT('Ctrl Pts',(53.5,4.4820131683279,-40.5));
#4901=CARTESIAN_POINT('Ctrl Pts',(53.5,4.4820131683279,-39.5));
#4902=CARTESIAN_POINT('Ctrl Pts',(53.5,3.50475889209071,-40.5));
#4903=CARTESIAN_POINT('Ctrl Pts',(53.5,3.50475889209071,-39.5));
#4904=CARTESIAN_POINT('',(60.9952411079093,11.,-39.5));
#4905=CARTESIAN_POINT('Ctrl Pts',(60.9952411079093,11.,-39.5));
#4906=CARTESIAN_POINT('Ctrl Pts',(60.492122597416,11.,-39.5));
#4907=CARTESIAN_POINT('Ctrl Pts',(59.9902792034461,10.9494063638658,-39.5));
#4908=CARTESIAN_POINT('Ctrl Pts',(59.4972937947472,10.8489464094884,-39.5));
#4909=CARTESIAN_POINT('Ctrl Pts',(59.0043054003839,10.7484858466961,-39.5));
#4910=CARTESIAN_POINT('Ctrl Pts',(58.5226815999283,10.5986689418478,-39.5));
#4911=CARTESIAN_POINT('Ctrl Pts',(58.0597089814262,10.4017297596503,-39.5));
#4912=CARTESIAN_POINT('Ctrl Pts',(57.1621419653801,10.0199229161281,-39.5));
#4913=CARTESIAN_POINT('Ctrl Pts',(56.3477469631526,9.46656262053164,-39.5));
#4914=CARTESIAN_POINT('Ctrl Pts',(55.6622909451905,8.77263251565204,-39.5));
#4915=CARTESIAN_POINT('Ctrl Pts',(54.9764459004632,8.07830857458607,-39.5));
#4916=CARTESIAN_POINT('Ctrl Pts',(54.4329090479509,7.25664166408149,-39.5));
#4917=CARTESIAN_POINT('Ctrl Pts',(54.0621404577216,6.35385996210256,-39.5));
#4918=CARTESIAN_POINT('Ctrl Pts',(53.6908844100381,5.44989135356848,-39.5));
#4919=CARTESIAN_POINT('Ctrl Pts',(53.5,4.4820131683279,-39.5));
#4920=CARTESIAN_POINT('Ctrl Pts',(53.5,3.50475889209071,-39.5));
#4921=CARTESIAN_POINT('',(60.9952411079093,11.,-40.5));
#4922=CARTESIAN_POINT('Origin',(61.,11.,-40.5));
#4923=CARTESIAN_POINT('',(61.,11.,-39.5));
#4924=CARTESIAN_POINT('',(46.4976205539661,10.9999999999932,-39.5));
#4925=CARTESIAN_POINT('',(61.,11.,-39.5));
#4926=CARTESIAN_POINT('Origin',(61.,109.,-40.5));
#4927=CARTESIAN_POINT('',(61.,109.,-39.5));
#4928=CARTESIAN_POINT('',(61.,35.5,-39.5));
#4929=CARTESIAN_POINT('',(61.,109.,-39.5));
#4930=CARTESIAN_POINT('Origin',(60.9952411079093,109.,-40.5));
#4931=CARTESIAN_POINT('',(60.9952411079093,109.,-39.5));
#4932=CARTESIAN_POINT('',(46.5,109.,-39.5));
#4933=CARTESIAN_POINT('',(60.9952411079093,109.,-40.5));
#4934=CARTESIAN_POINT('Ctrl Pts',(53.5,116.495241107909,-40.5));
#4935=CARTESIAN_POINT('Ctrl Pts',(53.5,116.495241107909,-39.5));
#4936=CARTESIAN_POINT('Ctrl Pts',(53.5,115.992122597416,-40.5));
#4937=CARTESIAN_POINT('Ctrl Pts',(53.5,115.992122597416,-39.5));
#4938=CARTESIAN_POINT('Ctrl Pts',(53.5505936361342,115.490279203446,-40.5));
#4939=CARTESIAN_POINT('Ctrl Pts',(53.5505936361342,115.490279203446,-39.5));
#4940=CARTESIAN_POINT('Ctrl Pts',(53.7515141533039,114.504305400384,-40.5));
#4941=CARTESIAN_POINT('Ctrl Pts',(53.7515141533039,114.504305400384,-39.5));
#4942=CARTESIAN_POINT('Ctrl Pts',(53.9013310581522,114.022681599928,-40.5));
#4943=CARTESIAN_POINT('Ctrl Pts',(53.9013310581522,114.022681599928,-39.5));
#4944=CARTESIAN_POINT('Ctrl Pts',(54.4800770838719,112.66214196538,-40.5));
#4945=CARTESIAN_POINT('Ctrl Pts',(54.4800770838719,112.66214196538,-39.5));
#4946=CARTESIAN_POINT('Ctrl Pts',(55.0334373794684,111.847746963153,-40.5));
#4947=CARTESIAN_POINT('Ctrl Pts',(55.0334373794684,111.847746963153,-39.5));
#4948=CARTESIAN_POINT('Ctrl Pts',(56.421691425414,110.476445900463,-40.5));
#4949=CARTESIAN_POINT('Ctrl Pts',(56.421691425414,110.476445900463,-39.5));
#4950=CARTESIAN_POINT('Ctrl Pts',(57.2433583359186,109.932909047951,-40.5));
#4951=CARTESIAN_POINT('Ctrl Pts',(57.2433583359186,109.932909047951,-39.5));
#4952=CARTESIAN_POINT('Ctrl Pts',(59.0501086464315,109.190884410038,-40.5));
#4953=CARTESIAN_POINT('Ctrl Pts',(59.0501086464315,109.190884410038,-39.5));
#4954=CARTESIAN_POINT('Ctrl Pts',(60.0179868316721,109.,-40.5));
#4955=CARTESIAN_POINT('Ctrl Pts',(60.0179868316721,109.,-39.5));
#4956=CARTESIAN_POINT('Ctrl Pts',(60.9952411079093,109.,-40.5));
#4957=CARTESIAN_POINT('Ctrl Pts',(60.9952411079093,109.,-39.5));
#4958=CARTESIAN_POINT('',(53.5,116.495241107909,-39.5));
#4959=CARTESIAN_POINT('Ctrl Pts',(53.5,116.495241107909,-39.5));
#4960=CARTESIAN_POINT('Ctrl Pts',(53.5,115.992122597416,-39.5));
#4961=CARTESIAN_POINT('Ctrl Pts',(53.5505936361342,115.490279203446,-39.5));
#4962=CARTESIAN_POINT('Ctrl Pts',(53.6510535905116,114.997293794747,-39.5));
#4963=CARTESIAN_POINT('Ctrl Pts',(53.7515141533039,114.504305400384,-39.5));
#4964=CARTESIAN_POINT('Ctrl Pts',(53.9013310581522,114.022681599928,-39.5));
#4965=CARTESIAN_POINT('Ctrl Pts',(54.0982702403497,113.559708981426,-39.5));
#4966=CARTESIAN_POINT('Ctrl Pts',(54.4800770838719,112.66214196538,-39.5));
#4967=CARTESIAN_POINT('Ctrl Pts',(55.0334373794684,111.847746963153,-39.5));
#4968=CARTESIAN_POINT('Ctrl Pts',(55.727367484348,111.162290945191,-39.5));
#4969=CARTESIAN_POINT('Ctrl Pts',(56.421691425414,110.476445900463,-39.5));
#4970=CARTESIAN_POINT('Ctrl Pts',(57.2433583359186,109.932909047951,-39.5));
#4971=CARTESIAN_POINT('Ctrl Pts',(58.1461400378975,109.562140457722,-39.5));
#4972=CARTESIAN_POINT('Ctrl Pts',(59.0501086464315,109.190884410038,-39.5));
#4973=CARTESIAN_POINT('Ctrl Pts',(60.0179868316721,109.,-39.5));
#4974=CARTESIAN_POINT('Ctrl Pts',(60.9952411079093,109.,-39.5));
#4975=CARTESIAN_POINT('',(53.5,116.495241107909,-40.5));
#4976=CARTESIAN_POINT('Origin',(53.5,116.5,-40.5));
#4977=CARTESIAN_POINT('',(53.5,88.2476205539547,-39.5));
#4978=CARTESIAN_POINT('Ctrl Pts',(8.5,118.493337551073,-40.5));
#4979=CARTESIAN_POINT('Ctrl Pts',(8.5,118.493337551073,-39.5));
#4980=CARTESIAN_POINT('Ctrl Pts',(8.5,117.990167068982,-40.5));
#4981=CARTESIAN_POINT('Ctrl Pts',(8.5,117.990167068982,-39.5));
#4982=CARTESIAN_POINT('Ctrl Pts',(8.44940870649569,117.488272378171,-40.5));
#4983=CARTESIAN_POINT('Ctrl Pts',(8.44940870649569,117.488272378171,-39.5));
#4984=CARTESIAN_POINT('Ctrl Pts',(8.24849536322293,116.50233377945,-40.5));
#4985=CARTESIAN_POINT('Ctrl Pts',(8.24849536322293,116.50233377945,-39.5));
#4986=CARTESIAN_POINT('Ctrl Pts',(8.09871125503615,116.020794235418,-40.5));
#4987=CARTESIAN_POINT('Ctrl Pts',(8.09871125503615,116.020794235418,-39.5));
#4988=CARTESIAN_POINT('Ctrl Pts',(7.52016210354481,114.660717420792,-40.5));
#4989=CARTESIAN_POINT('Ctrl Pts',(7.52016210354481,114.660717420792,-39.5));
#4990=CARTESIAN_POINT('Ctrl Pts',(6.9670697520959,113.846681726582,-40.5));
#4991=CARTESIAN_POINT('Ctrl Pts',(6.9670697520959,113.846681726582,-39.5));
#4992=CARTESIAN_POINT('Ctrl Pts',(5.5794058825161,112.475963633184,-40.5));
#4993=CARTESIAN_POINT('Ctrl Pts',(5.5794058825161,112.475963633184,-39.5));
#4994=CARTESIAN_POINT('Ctrl Pts',(4.7580952640756,111.932687586937,-40.5));
#4995=CARTESIAN_POINT('Ctrl Pts',(4.7580952640756,111.932687586937,-39.5));
#4996=CARTESIAN_POINT('Ctrl Pts',(2.95174785108951,111.190828417318,-40.5));
#4997=CARTESIAN_POINT('Ctrl Pts',(2.95174785108951,111.190828417318,-39.5));
#4998=CARTESIAN_POINT('Ctrl Pts',(1.98389694326818,111.,-40.5));
#4999=CARTESIAN_POINT('Ctrl Pts',(1.98389694326818,111.,-39.5));
#5000=CARTESIAN_POINT('Ctrl Pts',(1.00666244892701,111.,-40.5));
#5001=CARTESIAN_POINT('Ctrl Pts',(1.00666244892701,111.,-39.5));
#5002=CARTESIAN_POINT('',(1.00666244892701,111.,-40.5));
#5003=CARTESIAN_POINT('',(8.5,118.493337551073,-40.5));
#5004=CARTESIAN_POINT('Ctrl Pts',(1.006662448927,111.,-40.5));
#5005=CARTESIAN_POINT('Ctrl Pts',(1.98389694326818,111.,-40.5));
#5006=CARTESIAN_POINT('Ctrl Pts',(2.95174785108951,111.190828417318,-40.5));
#5007=CARTESIAN_POINT('Ctrl Pts',(3.8556914459355,111.562074191987,-40.5));
#5008=CARTESIAN_POINT('Ctrl Pts',(4.7580952640756,111.932687586937,-40.5));
#5009=CARTESIAN_POINT('Ctrl Pts',(5.5794058825161,112.475963633184,-40.5));
#5010=CARTESIAN_POINT('Ctrl Pts',(6.27343702918166,113.161519459037,-40.5));
#5011=CARTESIAN_POINT('Ctrl Pts',(6.9670697520959,113.846681726582,-40.5));
#5012=CARTESIAN_POINT('Ctrl Pts',(7.52016210354481,114.660717420792,-40.5));
#5013=CARTESIAN_POINT('Ctrl Pts',(7.90180644420589,115.55790241852,-40.5));
#5014=CARTESIAN_POINT('Ctrl Pts',(8.09871125503615,116.020794235418,-40.5));
#5015=CARTESIAN_POINT('Ctrl Pts',(8.24849536322293,116.50233377945,-40.5));
#5016=CARTESIAN_POINT('Ctrl Pts',(8.34893848713734,116.995236596307,-40.5));
#5017=CARTESIAN_POINT('Ctrl Pts',(8.44940870649569,117.488272378171,-40.5));
#5018=CARTESIAN_POINT('Ctrl Pts',(8.5,117.990167068982,-40.5));
#5019=CARTESIAN_POINT('Ctrl Pts',(8.5,118.493337551073,-40.5));
#5020=CARTESIAN_POINT('',(1.006662448927,111.,-39.5));
#5021=CARTESIAN_POINT('',(1.00666244892701,111.,-40.5));
#5022=CARTESIAN_POINT('',(8.5,118.493337551073,-39.5));
#5023=CARTESIAN_POINT('Ctrl Pts',(8.5,118.493337551073,-39.5));
#5024=CARTESIAN_POINT('Ctrl Pts',(8.5,117.990167068982,-39.5));
#5025=CARTESIAN_POINT('Ctrl Pts',(8.44940870649569,117.488272378171,-39.5));
#5026=CARTESIAN_POINT('Ctrl Pts',(8.34893848713734,116.995236596307,-39.5));
#5027=CARTESIAN_POINT('Ctrl Pts',(8.24849536322293,116.50233377945,-39.5));
#5028=CARTESIAN_POINT('Ctrl Pts',(8.09871125503615,116.020794235418,-39.5));
#5029=CARTESIAN_POINT('Ctrl Pts',(7.90180644420589,115.55790241852,-39.5));
#5030=CARTESIAN_POINT('Ctrl Pts',(7.52016210354481,114.660717420792,-39.5));
#5031=CARTESIAN_POINT('Ctrl Pts',(6.9670697520959,113.846681726582,-39.5));
#5032=CARTESIAN_POINT('Ctrl Pts',(6.27343702918166,113.161519459037,-39.5));
#5033=CARTESIAN_POINT('Ctrl Pts',(5.5794058825161,112.475963633184,-39.5));
#5034=CARTESIAN_POINT('Ctrl Pts',(4.7580952640756,111.932687586937,-39.5));
#5035=CARTESIAN_POINT('Ctrl Pts',(3.8556914459355,111.562074191987,-39.5));
#5036=CARTESIAN_POINT('Ctrl Pts',(2.95174785108951,111.190828417318,-39.5));
#5037=CARTESIAN_POINT('Ctrl Pts',(1.98389694326818,111.,-39.5));
#5038=CARTESIAN_POINT('Ctrl Pts',(1.006662448927,111.,-39.5));
#5039=CARTESIAN_POINT('',(8.5,118.493337551073,-40.5));
#5040=CARTESIAN_POINT('Origin',(8.5,118.5,-40.5));
#5041=CARTESIAN_POINT('',(8.5,118.5,-40.5));
#5042=CARTESIAN_POINT('',(8.49999999998051,89.2500000000078,-40.5));
#5043=CARTESIAN_POINT('',(8.50000000000001,118.5,-39.5));
#5044=CARTESIAN_POINT('',(8.49999999998051,89.2466687755444,-39.5));
#5045=CARTESIAN_POINT('',(8.5,118.5,-40.5));
#5046=CARTESIAN_POINT('Origin',(55.5,118.5,-40.5));
#5047=CARTESIAN_POINT('',(55.5,118.5,-40.5));
#5048=CARTESIAN_POINT('',(43.75,118.5,-40.5));
#5049=CARTESIAN_POINT('',(55.5,118.5,-39.5));
#5050=CARTESIAN_POINT('',(20.25,118.5,-39.5));
#5051=CARTESIAN_POINT('',(55.5,118.5,-40.5));
#5052=CARTESIAN_POINT('Origin',(55.5,118.493337551073,-40.5));
#5053=CARTESIAN_POINT('',(55.5,118.493337551073,-40.5));
#5054=CARTESIAN_POINT('',(55.5,89.2466687755365,-40.5));
#5055=CARTESIAN_POINT('',(55.5,118.493337551073,-39.5));
#5056=CARTESIAN_POINT('',(55.5,89.25,-39.5));
#5057=CARTESIAN_POINT('',(55.5,118.493337551073,-40.5));
#5058=CARTESIAN_POINT('Ctrl Pts',(62.993337551073,111.,-40.5));
#5059=CARTESIAN_POINT('Ctrl Pts',(62.993337551073,111.,-39.5));
#5060=CARTESIAN_POINT('Ctrl Pts',(62.4901670689817,111.,-40.5));
#5061=CARTESIAN_POINT('Ctrl Pts',(62.4901670689817,111.,-39.5));
#5062=CARTESIAN_POINT('Ctrl Pts',(61.9882723781708,111.050591293504,-40.5));
#5063=CARTESIAN_POINT('Ctrl Pts',(61.9882723781708,111.050591293504,-39.5));
#5064=CARTESIAN_POINT('Ctrl Pts',(61.0023337794496,111.251504636777,-40.5));
#5065=CARTESIAN_POINT('Ctrl Pts',(61.0023337794496,111.251504636777,-39.5));
#5066=CARTESIAN_POINT('Ctrl Pts',(60.5207942354176,111.401288744964,-40.5));
#5067=CARTESIAN_POINT('Ctrl Pts',(60.5207942354176,111.401288744964,-39.5));
#5068=CARTESIAN_POINT('Ctrl Pts',(59.1607174207918,111.979837896455,-40.5));
#5069=CARTESIAN_POINT('Ctrl Pts',(59.1607174207918,111.979837896455,-39.5));
#5070=CARTESIAN_POINT('Ctrl Pts',(58.3466817265819,112.532930247904,-40.5));
#5071=CARTESIAN_POINT('Ctrl Pts',(58.3466817265819,112.532930247904,-39.5));
#5072=CARTESIAN_POINT('Ctrl Pts',(56.9759636331841,113.920594117484,-40.5));
#5073=CARTESIAN_POINT('Ctrl Pts',(56.9759636331841,113.920594117484,-39.5));
#5074=CARTESIAN_POINT('Ctrl Pts',(56.4326875869373,114.741904735924,-40.5));
#5075=CARTESIAN_POINT('Ctrl Pts',(56.4326875869373,114.741904735924,-39.5));
#5076=CARTESIAN_POINT('Ctrl Pts',(55.6908284173185,116.548252148911,-40.5));
#5077=CARTESIAN_POINT('Ctrl Pts',(55.6908284173185,116.548252148911,-39.5));
#5078=CARTESIAN_POINT('Ctrl Pts',(55.5,117.516103056732,-40.5));
#5079=CARTESIAN_POINT('Ctrl Pts',(55.5,117.516103056732,-39.5));
#5080=CARTESIAN_POINT('Ctrl Pts',(55.5,118.493337551073,-40.5));
#5081=CARTESIAN_POINT('Ctrl Pts',(55.5,118.493337551073,-39.5));
#5082=CARTESIAN_POINT('',(62.993337551073,111.,-40.5));
#5083=CARTESIAN_POINT('Ctrl Pts',(55.5,118.493337551073,-40.5));
#5084=CARTESIAN_POINT('Ctrl Pts',(55.5,117.516103056732,-40.5));
#5085=CARTESIAN_POINT('Ctrl Pts',(55.6908284173185,116.548252148911,-40.5));
#5086=CARTESIAN_POINT('Ctrl Pts',(56.0620741919871,115.644308554064,-40.5));
#5087=CARTESIAN_POINT('Ctrl Pts',(56.4326875869373,114.741904735924,-40.5));
#5088=CARTESIAN_POINT('Ctrl Pts',(56.9759636331841,113.920594117484,-40.5));
#5089=CARTESIAN_POINT('Ctrl Pts',(57.6615194590371,113.226562970818,-40.5));
#5090=CARTESIAN_POINT('Ctrl Pts',(58.3466817265819,112.532930247904,-40.5));
#5091=CARTESIAN_POINT('Ctrl Pts',(59.1607174207918,111.979837896455,-40.5));
#5092=CARTESIAN_POINT('Ctrl Pts',(60.0579024185198,111.598193555794,-40.5));
#5093=CARTESIAN_POINT('Ctrl Pts',(60.5207942354176,111.401288744964,-40.5));
#5094=CARTESIAN_POINT('Ctrl Pts',(61.0023337794496,111.251504636777,-40.5));
#5095=CARTESIAN_POINT('Ctrl Pts',(61.4952365963069,111.151061512863,-40.5));
#5096=CARTESIAN_POINT('Ctrl Pts',(61.9882723781708,111.050591293504,-40.5));
#5097=CARTESIAN_POINT('Ctrl Pts',(62.4901670689817,111.,-40.5));
#5098=CARTESIAN_POINT('Ctrl Pts',(62.993337551073,111.,-40.5));
#5099=CARTESIAN_POINT('',(62.993337551073,111.,-39.5));
#5100=CARTESIAN_POINT('Ctrl Pts',(62.993337551073,111.,-39.5));
#5101=CARTESIAN_POINT('Ctrl Pts',(62.4901670689817,111.,-39.5));
#5102=CARTESIAN_POINT('Ctrl Pts',(61.9882723781708,111.050591293504,-39.5));
#5103=CARTESIAN_POINT('Ctrl Pts',(61.4952365963069,111.151061512863,-39.5));
#5104=CARTESIAN_POINT('Ctrl Pts',(61.0023337794496,111.251504636777,-39.5));
#5105=CARTESIAN_POINT('Ctrl Pts',(60.5207942354176,111.401288744964,-39.5));
#5106=CARTESIAN_POINT('Ctrl Pts',(60.0579024185198,111.598193555794,-39.5));
#5107=CARTESIAN_POINT('Ctrl Pts',(59.1607174207918,111.979837896455,-39.5));
#5108=CARTESIAN_POINT('Ctrl Pts',(58.3466817265819,112.532930247904,-39.5));
#5109=CARTESIAN_POINT('Ctrl Pts',(57.6615194590371,113.226562970818,-39.5));
#5110=CARTESIAN_POINT('Ctrl Pts',(56.9759636331841,113.920594117484,-39.5));
#5111=CARTESIAN_POINT('Ctrl Pts',(56.4326875869373,114.741904735924,-39.5));
#5112=CARTESIAN_POINT('Ctrl Pts',(56.0620741919871,115.644308554064,-39.5));
#5113=CARTESIAN_POINT('Ctrl Pts',(55.6908284173185,116.548252148911,-39.5));
#5114=CARTESIAN_POINT('Ctrl Pts',(55.5,117.516103056732,-39.5));
#5115=CARTESIAN_POINT('Ctrl Pts',(55.5,118.493337551073,-39.5));
#5116=CARTESIAN_POINT('',(62.993337551073,111.,-40.5));
#5117=CARTESIAN_POINT('Origin',(63.,111.,-40.5));
#5118=CARTESIAN_POINT('',(63.,111.,-40.5));
#5119=CARTESIAN_POINT('',(47.5,111.,-40.5));
#5120=CARTESIAN_POINT('',(63.,111.,-39.5));
#5121=CARTESIAN_POINT('',(47.4966687755365,111.,-39.5));
#5122=CARTESIAN_POINT('',(63.,111.,-40.5));
#5123=CARTESIAN_POINT('Origin',(63.,8.99999999999999,-40.5));
#5124=CARTESIAN_POINT('',(63.,8.99999999999999,-40.5));
#5125=CARTESIAN_POINT('',(63.,34.5,-40.5));
#5126=CARTESIAN_POINT('',(63.,8.99999999999999,-39.5));
#5127=CARTESIAN_POINT('',(63.,85.5,-39.5));
#5128=CARTESIAN_POINT('',(63.,8.99999999999999,-40.5));
#5129=CARTESIAN_POINT('Origin',(62.993337551073,9.,-40.5));
#5130=CARTESIAN_POINT('',(62.993337551073,9.,-40.5));
#5131=CARTESIAN_POINT('',(47.4966687755238,9.00000000000775,-40.5));
#5132=CARTESIAN_POINT('',(62.993337551073,9.,-39.5));
#5133=CARTESIAN_POINT('',(47.4999999999873,9.00000000000774,-39.5));
#5134=CARTESIAN_POINT('',(62.993337551073,9.,-40.5));
#5135=CARTESIAN_POINT('Ctrl Pts',(55.5,1.50666244892699,-40.5));
#5136=CARTESIAN_POINT('Ctrl Pts',(55.5,1.50666244892699,-39.5));
#5137=CARTESIAN_POINT('Ctrl Pts',(55.5,2.00983293101827,-40.5));
#5138=CARTESIAN_POINT('Ctrl Pts',(55.5,2.00983293101827,-39.5));
#5139=CARTESIAN_POINT('Ctrl Pts',(55.5505912935043,2.51172762182915,-40.5));
#5140=CARTESIAN_POINT('Ctrl Pts',(55.5505912935043,2.51172762182915,-39.5));
#5141=CARTESIAN_POINT('Ctrl Pts',(55.7515046367771,3.49766622055044,-40.5));
#5142=CARTESIAN_POINT('Ctrl Pts',(55.7515046367771,3.49766622055044,-39.5));
#5143=CARTESIAN_POINT('Ctrl Pts',(55.9012887449638,3.97920576458241,-40.5));
#5144=CARTESIAN_POINT('Ctrl Pts',(55.9012887449638,3.97920576458241,-39.5));
#5145=CARTESIAN_POINT('Ctrl Pts',(56.4798378964552,5.33928257920819,-40.5));
#5146=CARTESIAN_POINT('Ctrl Pts',(56.4798378964552,5.33928257920819,-39.5));
#5147=CARTESIAN_POINT('Ctrl Pts',(57.0329302479041,6.15331827341802,-40.5));
#5148=CARTESIAN_POINT('Ctrl Pts',(57.0329302479041,6.15331827341802,-39.5));
#5149=CARTESIAN_POINT('Ctrl Pts',(58.4205941174839,7.52403636681594,-40.5));
#5150=CARTESIAN_POINT('Ctrl Pts',(58.4205941174839,7.52403636681594,-39.5));
#5151=CARTESIAN_POINT('Ctrl Pts',(59.2419047359244,8.06731241306272,-40.5));
#5152=CARTESIAN_POINT('Ctrl Pts',(59.2419047359244,8.06731241306272,-39.5));
#5153=CARTESIAN_POINT('Ctrl Pts',(61.0482521489105,8.80917158268152,-40.5));
#5154=CARTESIAN_POINT('Ctrl Pts',(61.0482521489105,8.80917158268152,-39.5));
#5155=CARTESIAN_POINT('Ctrl Pts',(62.0161030567319,9.,-40.5));
#5156=CARTESIAN_POINT('Ctrl Pts',(62.0161030567319,9.,-39.5));
#5157=CARTESIAN_POINT('Ctrl Pts',(62.993337551073,9.,-40.5));
#5158=CARTESIAN_POINT('Ctrl Pts',(62.993337551073,9.,-39.5));
#5159=CARTESIAN_POINT('',(55.5,1.506662448927,-40.5));
#5160=CARTESIAN_POINT('Ctrl Pts',(62.993337551073,9.,-40.5));
#5161=CARTESIAN_POINT('Ctrl Pts',(62.0161030567319,9.,-40.5));
#5162=CARTESIAN_POINT('Ctrl Pts',(61.0482521489105,8.80917158268152,-40.5));
#5163=CARTESIAN_POINT('Ctrl Pts',(60.1443085540645,8.43792580801289,-40.5));
#5164=CARTESIAN_POINT('Ctrl Pts',(59.2419047359244,8.06731241306272,-40.5));
#5165=CARTESIAN_POINT('Ctrl Pts',(58.4205941174839,7.52403636681594,-40.5));
#5166=CARTESIAN_POINT('Ctrl Pts',(57.7265629708183,6.8384805409629,-40.5));
#5167=CARTESIAN_POINT('Ctrl Pts',(57.0329302479041,6.15331827341802,-40.5));
#5168=CARTESIAN_POINT('Ctrl Pts',(56.4798378964552,5.33928257920819,-40.5));
#5169=CARTESIAN_POINT('Ctrl Pts',(56.0981935557941,4.4420975814802,-40.5));
#5170=CARTESIAN_POINT('Ctrl Pts',(55.9012887449638,3.97920576458241,-40.5));
#5171=CARTESIAN_POINT('Ctrl Pts',(55.7515046367771,3.49766622055044,-40.5));
#5172=CARTESIAN_POINT('Ctrl Pts',(55.6510615128627,3.00476340369313,-40.5));
#5173=CARTESIAN_POINT('Ctrl Pts',(55.5505912935043,2.51172762182915,-40.5));
#5174=CARTESIAN_POINT('Ctrl Pts',(55.5,2.00983293101827,-40.5));
#5175=CARTESIAN_POINT('Ctrl Pts',(55.5,1.50666244892699,-40.5));
#5176=CARTESIAN_POINT('',(55.5,1.50666244892699,-39.5));
#5177=CARTESIAN_POINT('Ctrl Pts',(55.5,1.50666244892699,-39.5));
#5178=CARTESIAN_POINT('Ctrl Pts',(55.5,2.00983293101827,-39.5));
#5179=CARTESIAN_POINT('Ctrl Pts',(55.5505912935043,2.51172762182915,-39.5));
#5180=CARTESIAN_POINT('Ctrl Pts',(55.6510615128627,3.00476340369313,-39.5));
#5181=CARTESIAN_POINT('Ctrl Pts',(55.7515046367771,3.49766622055044,-39.5));
#5182=CARTESIAN_POINT('Ctrl Pts',(55.9012887449638,3.97920576458241,-39.5));
#5183=CARTESIAN_POINT('Ctrl Pts',(56.0981935557941,4.4420975814802,-39.5));
#5184=CARTESIAN_POINT('Ctrl Pts',(56.4798378964552,5.33928257920819,-39.5));
#5185=CARTESIAN_POINT('Ctrl Pts',(57.0329302479041,6.15331827341802,-39.5));
#5186=CARTESIAN_POINT('Ctrl Pts',(57.7265629708183,6.8384805409629,-39.5));
#5187=CARTESIAN_POINT('Ctrl Pts',(58.4205941174839,7.52403636681594,-39.5));
#5188=CARTESIAN_POINT('Ctrl Pts',(59.2419047359244,8.06731241306272,-39.5));
#5189=CARTESIAN_POINT('Ctrl Pts',(60.1443085540645,8.43792580801289,-39.5));
#5190=CARTESIAN_POINT('Ctrl Pts',(61.0482521489105,8.80917158268152,-39.5));
#5191=CARTESIAN_POINT('Ctrl Pts',(62.0161030567319,9.,-39.5));
#5192=CARTESIAN_POINT('Ctrl Pts',(62.993337551073,9.,-39.5));
#5193=CARTESIAN_POINT('',(55.5,1.506662448927,-40.5));
#5194=CARTESIAN_POINT('Origin',(55.5,1.49999999999999,-40.5));
#5195=CARTESIAN_POINT('',(55.5,1.5,-40.5));
#5196=CARTESIAN_POINT('',(55.5,30.75,-40.5));
#5197=CARTESIAN_POINT('',(55.5,1.5,-39.5));
#5198=CARTESIAN_POINT('',(55.5,30.7533312244635,-39.5));
#5199=CARTESIAN_POINT('',(55.5,1.5,-40.5));
#5200=CARTESIAN_POINT('Origin',(8.5,1.49999999999999,-40.5));
#5201=CARTESIAN_POINT('',(8.5,1.5,-40.5));
#5202=CARTESIAN_POINT('',(20.25,1.49999999999999,-40.5));
#5203=CARTESIAN_POINT('',(8.5,1.5,-39.5));
#5204=CARTESIAN_POINT('',(43.75,1.49999999999999,-39.5));
#5205=CARTESIAN_POINT('',(8.5,1.5,-40.5));
#5206=CARTESIAN_POINT('Origin',(8.5,1.506662448927,-40.5));
#5207=CARTESIAN_POINT('',(8.5,1.506662448927,-40.5));
#5208=CARTESIAN_POINT('',(8.50000000000975,30.7533312244674,-40.5));
#5209=CARTESIAN_POINT('',(8.5,1.50666244892699,-39.5));
#5210=CARTESIAN_POINT('',(8.50000000000975,30.7500000000039,-39.5));
#5211=CARTESIAN_POINT('',(8.5,1.506662448927,-40.5));
#5212=CARTESIAN_POINT('Ctrl Pts',(1.00666244892699,9.,-40.5));
#5213=CARTESIAN_POINT('Ctrl Pts',(1.00666244892699,9.,-39.5));
#5214=CARTESIAN_POINT('Ctrl Pts',(1.50983293101833,9.,-40.5));
#5215=CARTESIAN_POINT('Ctrl Pts',(1.50983293101833,9.,-39.5));
#5216=CARTESIAN_POINT('Ctrl Pts',(2.01172762182917,8.94940870649569,-40.5));
#5217=CARTESIAN_POINT('Ctrl Pts',(2.01172762182917,8.94940870649569,-39.5));
#5218=CARTESIAN_POINT('Ctrl Pts',(2.99766622055041,8.74849536322292,-40.5));
#5219=CARTESIAN_POINT('Ctrl Pts',(2.99766622055041,8.74849536322292,-39.5));
#5220=CARTESIAN_POINT('Ctrl Pts',(3.4792057645824,8.59871125503615,-40.5));
#5221=CARTESIAN_POINT('Ctrl Pts',(3.4792057645824,8.59871125503615,-39.5));
#5222=CARTESIAN_POINT('Ctrl Pts',(4.83928257920817,8.02016210354481,-40.5));
#5223=CARTESIAN_POINT('Ctrl Pts',(4.83928257920817,8.02016210354481,-39.5));
#5224=CARTESIAN_POINT('Ctrl Pts',(5.65331827341802,7.4670697520959,-40.5));
#5225=CARTESIAN_POINT('Ctrl Pts',(5.65331827341802,7.4670697520959,-39.5));
#5226=CARTESIAN_POINT('Ctrl Pts',(7.02403636681594,6.07940588251608,-40.5));
#5227=CARTESIAN_POINT('Ctrl Pts',(7.02403636681594,6.07940588251608,-39.5));
#5228=CARTESIAN_POINT('Ctrl Pts',(7.56731241306272,5.25809526407556,-40.5));
#5229=CARTESIAN_POINT('Ctrl Pts',(7.56731241306272,5.25809526407556,-39.5));
#5230=CARTESIAN_POINT('Ctrl Pts',(8.30917158268152,3.45174785108949,-40.5));
#5231=CARTESIAN_POINT('Ctrl Pts',(8.30917158268152,3.45174785108949,-39.5));
#5232=CARTESIAN_POINT('Ctrl Pts',(8.5,2.48389694326814,-40.5));
#5233=CARTESIAN_POINT('Ctrl Pts',(8.5,2.48389694326814,-39.5));
#5234=CARTESIAN_POINT('Ctrl Pts',(8.5,1.506662448927,-40.5));
#5235=CARTESIAN_POINT('Ctrl Pts',(8.5,1.506662448927,-39.5));
#5236=CARTESIAN_POINT('',(1.00666244892699,9.,-40.5));
#5237=CARTESIAN_POINT('Ctrl Pts',(8.5,1.506662448927,-40.5));
#5238=CARTESIAN_POINT('Ctrl Pts',(8.5,2.48389694326814,-40.5));
#5239=CARTESIAN_POINT('Ctrl Pts',(8.30917158268152,3.45174785108949,-40.5));
#5240=CARTESIAN_POINT('Ctrl Pts',(7.93792580801289,4.3556914459355,-40.5));
#5241=CARTESIAN_POINT('Ctrl Pts',(7.56731241306272,5.25809526407556,-40.5));
#5242=CARTESIAN_POINT('Ctrl Pts',(7.02403636681594,6.07940588251608,-40.5));
#5243=CARTESIAN_POINT('Ctrl Pts',(6.33848054096291,6.77343702918165,-40.5));
#5244=CARTESIAN_POINT('Ctrl Pts',(5.65331827341802,7.4670697520959,-40.5));
#5245=CARTESIAN_POINT('Ctrl Pts',(4.83928257920817,8.02016210354481,-40.5));
#5246=CARTESIAN_POINT('Ctrl Pts',(3.94209758148021,8.40180644420589,-40.5));
#5247=CARTESIAN_POINT('Ctrl Pts',(3.4792057645824,8.59871125503615,-40.5));
#5248=CARTESIAN_POINT('Ctrl Pts',(2.99766622055041,8.74849536322292,-40.5));
#5249=CARTESIAN_POINT('Ctrl Pts',(2.50476340369312,8.84893848713734,-40.5));
#5250=CARTESIAN_POINT('Ctrl Pts',(2.01172762182917,8.94940870649569,-40.5));
#5251=CARTESIAN_POINT('Ctrl Pts',(1.50983293101833,9.,-40.5));
#5252=CARTESIAN_POINT('Ctrl Pts',(1.00666244892699,9.,-40.5));
#5253=CARTESIAN_POINT('',(1.00666244892698,9.,-39.5));
#5254=CARTESIAN_POINT('Ctrl Pts',(1.00666244892699,9.,-39.5));
#5255=CARTESIAN_POINT('Ctrl Pts',(1.50983293101833,9.,-39.5));
#5256=CARTESIAN_POINT('Ctrl Pts',(2.01172762182917,8.94940870649569,-39.5));
#5257=CARTESIAN_POINT('Ctrl Pts',(2.50476340369312,8.84893848713734,-39.5));
#5258=CARTESIAN_POINT('Ctrl Pts',(2.99766622055041,8.74849536322292,-39.5));
#5259=CARTESIAN_POINT('Ctrl Pts',(3.4792057645824,8.59871125503615,-39.5));
#5260=CARTESIAN_POINT('Ctrl Pts',(3.94209758148021,8.40180644420589,-39.5));
#5261=CARTESIAN_POINT('Ctrl Pts',(4.83928257920817,8.02016210354481,-39.5));
#5262=CARTESIAN_POINT('Ctrl Pts',(5.65331827341802,7.4670697520959,-39.5));
#5263=CARTESIAN_POINT('Ctrl Pts',(6.33848054096291,6.77343702918165,-39.5));
#5264=CARTESIAN_POINT('Ctrl Pts',(7.02403636681594,6.07940588251608,-39.5));
#5265=CARTESIAN_POINT('Ctrl Pts',(7.56731241306272,5.25809526407556,-39.5));
#5266=CARTESIAN_POINT('Ctrl Pts',(7.93792580801289,4.3556914459355,-39.5));
#5267=CARTESIAN_POINT('Ctrl Pts',(8.30917158268152,3.45174785108949,-39.5));
#5268=CARTESIAN_POINT('Ctrl Pts',(8.5,2.48389694326814,-39.5));
#5269=CARTESIAN_POINT('Ctrl Pts',(8.5,1.506662448927,-39.5));
#5270=CARTESIAN_POINT('',(1.00666244892699,9.,-40.5));
#5271=CARTESIAN_POINT('Origin',(0.999999999999999,8.99999999999999,-40.5));
#5272=CARTESIAN_POINT('',(0.999999999999998,9.,-40.5));
#5273=CARTESIAN_POINT('',(16.5000000000042,9.00000000000258,-40.5));
#5274=CARTESIAN_POINT('',(0.999999999999996,9.,-39.5));
#5275=CARTESIAN_POINT('',(16.5033312244678,9.00000000000258,-39.5));
#5276=CARTESIAN_POINT('',(0.999999999999998,9.,-40.5));
#5277=CARTESIAN_POINT('Origin',(0.999999999999996,111.,-40.5));
#5278=CARTESIAN_POINT('',(0.999999999999998,111.,-40.5));
#5279=CARTESIAN_POINT('',(0.999999999999996,85.5,-40.5));
#5280=CARTESIAN_POINT('',(0.999999999999996,111.,-39.5));
#5281=CARTESIAN_POINT('',(0.999999999999996,34.5,-39.5));
#5282=CARTESIAN_POINT('',(0.999999999999998,111.,-40.5));
#5283=CARTESIAN_POINT('Origin',(1.006662448927,111.,-40.5));
#5284=CARTESIAN_POINT('',(16.5033312245315,110.999999999959,-40.5));
#5285=CARTESIAN_POINT('',(16.500000000068,110.999999999959,-39.5));
#5286=CARTESIAN_POINT('Origin',(32.,60.,-39.5));
#5287=CARTESIAN_POINT('Origin',(32.,60.,-40.5));
#5288=CARTESIAN_POINT('',(-1.,2.,-40.5));
#5289=CARTESIAN_POINT('',(-0.999999999999997,118.,-40.5));
#5290=CARTESIAN_POINT('',(-1.,2.,-40.5));
#5291=CARTESIAN_POINT('',(1.49999999999999,-0.5,-40.5));
#5292=CARTESIAN_POINT('Origin',(1.5,2.,-40.5));
#5293=CARTESIAN_POINT('',(62.5,-0.499999999999998,-40.5));
#5294=CARTESIAN_POINT('',(62.5,-0.499999999999998,-40.5));
#5295=CARTESIAN_POINT('',(65.,1.99999999999999,-40.5));
#5296=CARTESIAN_POINT('Origin',(62.5,2.,-40.5));
#5297=CARTESIAN_POINT('',(65.,118.,-40.5));
#5298=CARTESIAN_POINT('',(65.,118.,-40.5));
#5299=CARTESIAN_POINT('',(62.5,120.5,-40.5));
#5300=CARTESIAN_POINT('Origin',(62.5,118.,-40.5));
#5301=CARTESIAN_POINT('',(1.5,120.5,-40.5));
#5302=CARTESIAN_POINT('',(1.5,120.5,-40.5));
#5303=CARTESIAN_POINT('Origin',(1.50000000000001,118.,-40.5));
#5304=CARTESIAN_POINT('Origin',(62.5,118.,-40.5));
#5305=CARTESIAN_POINT('',(62.5,120.5,-40.5));
#5306=CARTESIAN_POINT('',(65.,118.,-40.5));
#5307=CARTESIAN_POINT('Origin',(1.5,120.5,-40.5));
#5308=CARTESIAN_POINT('',(1.5,120.5,-40.5));
#5309=CARTESIAN_POINT('Origin',(1.50000000000001,118.,-40.5));
#5310=CARTESIAN_POINT('',(-0.999999999999997,118.,-40.5));
#5311=CARTESIAN_POINT('Origin',(-1.,2.,-40.5));
#5312=CARTESIAN_POINT('',(-1.,2.,-40.5));
#5313=CARTESIAN_POINT('Origin',(32.,60.,-44.5));
#5314=CARTESIAN_POINT('Origin',(1.5,2.,-40.5));
#5315=CARTESIAN_POINT('',(1.49999999999999,-0.5,-40.5));
#5316=CARTESIAN_POINT('Origin',(62.5,-0.499999999999998,-40.5));
#5317=CARTESIAN_POINT('',(62.5,-0.499999999999998,-40.5));
#5318=CARTESIAN_POINT('Origin',(62.5,2.,-40.5));
#5319=CARTESIAN_POINT('',(65.,1.99999999999999,-40.5));
#5320=CARTESIAN_POINT('Origin',(65.,118.,-40.5));
#5321=UNCERTAINTY_MEASURE_WITH_UNIT(LENGTH_MEASURE(0.01),#5325,
'DISTANCE_ACCURACY_VALUE',
'Maximum model space distance between geometric entities at asserted c
onnectivities');
#5322=UNCERTAINTY_MEASURE_WITH_UNIT(LENGTH_MEASURE(0.01),#5325,
'DISTANCE_ACCURACY_VALUE',
'Maximum model space distance between geometric entities at asserted c
onnectivities');
#5323=(
GEOMETRIC_REPRESENTATION_CONTEXT(3)
GLOBAL_UNCERTAINTY_ASSIGNED_CONTEXT((#5321))
GLOBAL_UNIT_ASSIGNED_CONTEXT((#5325,#5327,#5328))
REPRESENTATION_CONTEXT('','3D')
);
#5324=(
GEOMETRIC_REPRESENTATION_CONTEXT(3)
GLOBAL_UNCERTAINTY_ASSIGNED_CONTEXT((#5322))
GLOBAL_UNIT_ASSIGNED_CONTEXT((#5325,#5327,#5328))
REPRESENTATION_CONTEXT('','3D')
);
#5325=(
LENGTH_UNIT()
NAMED_UNIT(*)
SI_UNIT(.MILLI.,.METRE.)
);
#5326=(
LENGTH_UNIT()
NAMED_UNIT(*)
SI_UNIT($,.METRE.)
);
#5327=(
NAMED_UNIT(*)
PLANE_ANGLE_UNIT()
SI_UNIT($,.RADIAN.)
);
#5328=(
NAMED_UNIT(*)
SI_UNIT($,.STERADIAN.)
SOLID_ANGLE_UNIT()
);
#5329=SHAPE_DEFINITION_REPRESENTATION(#5330,#5331);
#5330=PRODUCT_DEFINITION_SHAPE('',$,#5333);
#5331=SHAPE_REPRESENTATION('',(#2847),#5323);
#5332=PRODUCT_DEFINITION_CONTEXT('part definition',#5337,'design');
#5333=PRODUCT_DEFINITION('Express Yourself','Express Yourself v19',#5334,
#5332);
#5334=PRODUCT_DEFINITION_FORMATION('',$,#5339);
#5335=PRODUCT_RELATED_PRODUCT_CATEGORY('Express Yourself v19',
'Express Yourself v19',(#5339));
#5336=APPLICATION_PROTOCOL_DEFINITION('international standard',
'automotive_design',2009,#5337);
#5337=APPLICATION_CONTEXT(
'Core Data for Automotive Mechanical Design Process');
#5338=PRODUCT_CONTEXT('part definition',#5337,'mechanical');
#5339=PRODUCT('Express Yourself','Express Yourself v19',$,(#5338));
#5340=PRESENTATION_STYLE_ASSIGNMENT((#5341));
#5341=SURFACE_STYLE_USAGE(.BOTH.,#5342);
#5342=SURFACE_SIDE_STYLE('',(#5343));
#5343=SURFACE_STYLE_FILL_AREA(#5344);
#5344=FILL_AREA_STYLE('Steel - Satin',(#5345));
#5345=FILL_AREA_STYLE_COLOUR('Steel - Satin',#5346);
#5346=COLOUR_RGB('Steel - Satin',0.627450980392157,0.627450980392157,0.627450980392157);
ENDSEC;
END-ISO-10303-21;
